,session_id,speed_cv,hover_frequency,avg_hover_duration,acceleration_mean,acceleration_std,acceleration_skewness,acceleration_pos_neg_ratio,direction_change_frequency,idle_active_ratio,label
0,03jt2p4bdru20sjb9me2gco6j4,1.2927500623393668,3.2650448143405892,10044.058823529413,-97.98765420632685,4076.5547058902102,0.1373018091931884,0.8357400722021661,0.5506180303416985,42482299.25727436,human
1,071tbv7fsev5d64kb0f9jieor6,0.509696288249352,0.9651733290436741,1951.275,-3.0795206728862947,1211.3550717961164,-0.234732782722141,1.0135431189006174,0.2350686144095899,2.2748258850841556,advanced_bot
2,094i85crhkpkhqpi3rl4athrn4,0.5178256294280393,0.2184323279845417,966.9230769230769,-94.00964334309586,2813.920800475082,-0.017841369475469278,0.9361064268315533,0.24673359099208841,7828571.236207384,advanced_bot
3,0ht0u328t4mkgi01sp7mm07e01,0.23260416175820162,3.9278656126482216,866.3270440251572,-2.9785876012742505,616.098440244549,0.02998340994064668,0.9840236686390532,33.13693222744495,1.0282017776884307,moderate_bot
4,0i5kvpslrq3vb6u8ff2kuejv0v,0.5081648144212464,0.895244738983839,2000.8831168831168,-0.2050022693163044,1173.9429292251452,-0.054982271840194455,1.0244969378827646,0.24509177040081975,2.1846128339216757,advanced_bot
5,0ikgnsdpp5jt1qd7fro2va4oka,1.4774310294897426,3.2689450222882614,28270.204545454544,-197.66011601787727,3301.228474902799,0.04437176810335686,0.8240418118466899,1.2391507002602502,52343426.58418617,human
6,0jfeqj4kpolvb97o2s5ks7l0j4,0.5010532033097551,0.17985611510791366,978.25,-100.83905445548643,2749.2120712554583,0.05763474660847411,0.9157168988321374,0.21719267164653808,6093490.371490363,advanced_bot
7,0oa2dua3mli7mrr32c0gd4o0i2,1.156607377732258,0.3169572107765452,667.0909090909091,-199.46447855447576,4794.626114179256,0.03663419251295174,0.9469424460431655,0.018753335289668813,0.09548785401599431,human
8,0ogg5l1i4nh37ek8mjpn8q9fc0,0.18435951186851737,3.6754507628294038,436.7358490566038,-5.018274644381455,487.85733087656155,1.0476891162367332,0.9770554493307839,14.744475449539605,0.0,moderate_bot
9,0oi4fvkqd1acu5g08vep8eefqg,0.27254620416292225,3.992543110144477,409.6147859922179,-19.531143590522397,567.1301067162806,0.5810367796354752,0.9218150087260035,11.772618785192025,14563987.240804557,moderate_bot
10,0p0kaqfmftrtfg0u12rkshrdi9,1.4207866554139956,0.5274741955069824,905.9280575539568,-266.4061535899121,4303.748546623086,-0.021426291208026325,0.94467382328654,0.07081846669696418,0.3371126948435535,human
11,0pcr6mashfodserb90cq3p04uf,0.25585016110085457,4.030144167758847,1099.4471544715448,-5.848439270024117,649.4002032578985,0.13562015089205495,0.9888223552894212,37.674495369659155,1.7636895611207537,moderate_bot
12,0sejj3er3n0v1sfjv2jbnhaav4,0.17259299811493325,3.9076034648700673,417.98522167487687,-0.08418221679018535,472.1051861597643,0.26226465798678933,0.9979767324228629,24.58047726250759,0.0,moderate_bot
13,0ucre4qu5jiho5kbjq61hr495f,0.5151935697165674,0.27189305539821007,980.7083333333334,-110.49856343315075,2685.9554804640097,-0.0026309988009314477,0.9135924733845011,0.2630120820488267,10752257.47758496,advanced_bot
14,0uhr32hgcllradm0p6b15371gi,1.3952810736560401,2.9073890228336405,3903.4439024390244,-216.5960097961804,3143.2165386202796,-0.02787578465126585,0.943778801843318,1.4957254753561746,9042313.894168137,human
15,0vkricl80bt5v7n2s6bbhvlvk3,0.5137156606214177,0.19665683382497542,2685.714285714286,-106.0235891355613,2758.5511907155487,0.030873168489618356,0.9172413793103448,0.22685748892797317,13114914.84056314,advanced_bot
16,124nsuu4makfggp1h3ametehri,0.27938047097231117,3.9271485486624926,416.31400966183577,-22.978421894309623,556.8959101207088,0.07461703222171077,0.9196044711951848,11.842648654185275,17584390.76011431,moderate_bot
17,16r8lv9fabgjk06di8usnmu9ni,0.5121986062551365,0.8173230018044794,2399.2077922077924,-14.269594253311958,1211.0637622823117,-0.3298730513060139,1.0161290322580645,0.26619681856184046,1.7065595258448738,advanced_bot
18,1afcff96kgdbmevi5aemi5mkuj,0.5135895127979109,0.9002155445670089,1838.1267605633802,-2.2640268275213318,1196.2324467972153,-0.165210398715322,1.0133085731971525,0.2624421897009146,2.170889641754494,advanced_bot
19,1aqgqrcuurlmvvbbpirvsh7e53,1.323954447852276,0.4284894210267345,659.6698564593302,-168.24973639598795,4454.341017922962,0.03207267207268684,0.9172749391727494,0.032018459587563115,0.1365833104332692,human
20,1c1h9oumn2pa0pb04v8f6fn515,0.5157766331365816,0.30668966839179607,2283.625,-99.72532389499334,2738.726206577585,0.002806989949920197,0.92018779342723,0.2536902472309098,18283450.6382814,advanced_bot
21,1g4h4vh4d2uv360aoo55b086hd,0.5205413423857034,0.18373035985808414,2358.7241379310344,-135.02750434959734,3042.538941304581,0.020078533133826914,0.9118430273300631,0.2365381004972291,5935859.13935223,advanced_bot
22,1gpqg899dn1eafk0j474koislc,0.5159826284343124,0.21409289770082843,980.2608695652174,-123.96297534415181,2953.835215565449,0.04366676229836913,0.9038422025888638,0.23164013560650784,8745752.864517078,advanced_bot
23,1hv0rajig2vijia10tvjvhq12e,1.4443183379900055,2.235965746907707,2055.9751773049647,-119.48132183077895,3407.5279325060933,-0.024011866629635243,0.9201306952259938,1.1459667745227198,5808457.0602434045,human
24,1j8bfg4kkf15a9oj1igr147ol2,1.4459281631642484,3.736263736263736,13798.392156862745,-222.34029524588954,3733.715107624514,0.07465415979932598,0.845437616387337,0.8545089065795511,15511084.714020804,human
25,1jtqu9bvu7bii5p6kcsbgqbqa3,0.5014558474969116,0.17274737423991154,1938.68,-81.85729475962378,2552.655367624464,0.09469962149979122,0.9402577710386657,0.22811602583559884,6553952.592271561,advanced_bot
26,1m7s5287lpll34gm0amdciqvb5,0.5890847568159441,3.624733475479744,436.0147058823529,-43.432655086017384,630.4176148634301,-1.8942900166677394,0.9603841536614646,14.097065285045328,48472775.50332005,moderate_bot
27,1mvlnshabcf3gbr9subps50a00,1.952788824705983,5.454545454545454,7710.55,-147.21527796847462,2209.354212131537,-0.18352879501862315,0.8048780487804879,1.474583240147622,18407731.675652754,human
28,1nbs17btpqhl48dfu2nklqhffq,0.5256324373531464,0.21399798590130917,7595.588235294118,-112.9055509152619,2982.3740595917056,0.07852808220289771,0.9159316427783903,0.23087935935816176,11555204.618009137,advanced_bot
29,1nufffs0sri7c3ere47b9i5srv,0.43078418339401475,3.8764044943820224,420.5217391304348,-24.311407409815185,674.1545161826593,0.10622496694038346,0.9626865671641791,18.127274671341834,51922019.987876244,moderate_bot
30,1onh1ot5pr6j6g739m8cp5dfj0,0.24548867511083572,3.9181365288811096,416.9381443298969,-18.004422285125987,485.88577289073913,-0.14121618184194784,0.9004276114844227,8.64523121147858,12578419.301858567,moderate_bot
31,1r170g6lqfoff21od5nn9f976a,1.3174299067726138,0.4196642685851319,817.781954887218,-126.28618018424861,4397.581737591296,0.05646806716812968,0.9142753359970941,0.021904305413688513,0.20774594389277767,human
32,1sijirkrahu3j2dp0qmb78691l,0.5084411270050594,0.14773473407747867,1683.3703703703704,-82.51874605668283,2682.031204506765,0.06082223388886555,0.9340340703153316,0.2260550215399208,5192168.834642691,advanced_bot
33,1ttvuqau08dh4t1cjg50pr2298,0.5132130745194413,0.8755837224816544,2128.457142857143,-3.6359438986864347,1160.502130219257,-0.2093436607168518,1.015698267074414,0.2647780560844646,1.8980847376451013,advanced_bot
34,1u41k0lehrsbt97q0pe4knpa6c,0.20977523252527752,3.8015206082432975,422.2105263157895,-1.8989516860660698,566.7990520305009,0.1056351893801093,1.0369230769230768,35.823861354470296,0.0,moderate_bot
35,20054o9vd2q32sqnc3g6kj17om,0.5183861453370666,0.8680974198215577,1717.6805555555557,-1.5026625113729755,1173.0235606947667,-0.19772400088427217,1.0020870602265952,0.23652007137023415,2.017151164882936,advanced_bot
36,26v7bi8e0oc7p58e3s9v8eic9f,1.358207304552014,0.43785310734463273,1009.8458781362007,-166.12960510285848,4411.017933895577,0.04227608967394715,0.9041976980365606,0.03428413184366195,0.30737336687666483,human
37,27479tfiqfgi99u7r4vq0q33db,0.2433123866420761,3.9290586630286493,417.43981481481484,-20.815082838416735,557.7935219975697,0.6595093520637545,0.9281620957838723,11.464647415948733,8466489.883071765,moderate_bot
38,2cod58pj6b57pun9fl0vhiqoia,0.5490276761033344,0.3117595710188303,3113.56,-180.46080888976417,3428.4701231405884,0.05305022100785626,0.8931255218480378,0.2619234941802936,11138932.28414679,advanced_bot
39,2h80p3ff9jpfboaddjevmi55rs,0.5263584002027804,0.2020396382528382,1323.857142857143,-123.79459660945638,3036.0917311647604,0.07221756868946184,0.8920335429769392,0.24896799102910885,9099098.99983003,advanced_bot
40,2ing4ldnnd40og2ej20qnsesbb,1.531783228047941,2.559200789343858,1049.7506024096385,-48.36969535093043,3009.5424393238545,0.09171991792566267,0.9201933902907478,1.5215869570010363,2019547.201810047,human
41,2j54lp7l4tosj8qtp2jaq0654a,0.5046982022901476,0.1556362558363596,2546.3809523809523,-89.68432724667873,2776.741456870564,0.12391932451928579,0.9046701974000962,0.2169552001849194,7011141.735340342,advanced_bot
42,2k97re4f45gl0ktl40bav6lfqf,0.5371187422087773,0.3112033195020747,1139.25,-157.89712512112325,2732.4478669158816,-0.06789556327535062,0.9081929110981988,0.25295355282378257,23988409.234028887,advanced_bot
43,2l614ncb4kp7p6q9b0a5ln3ao6,0.5104362052501661,0.20347761746207915,3257.8636363636365,-116.66376654238945,2713.7168908002354,-0.04186780357089312,0.9129730823719895,0.23026458283335025,8793688.34017226,advanced_bot
44,2ojc0m4iu85a1fggs34ppevk2k,1.2463300372705017,1.6872160934458145,2632.7884615384614,-194.69388049122477,3240.81797095258,0.02871301260759812,0.9524838012958964,1.859608970993172,21851241.379593726,human
45,2s8fa1s8oe1rqsf0ddm7m9q7da,0.19909499192576252,3.878624739997553,709.8990536277603,1.2284438400094149,530.8256602964301,0.20378246572621156,0.9940138626339005,28.17930685494342,0.7130079204273346,moderate_bot
46,2vhdk7kkt7dtos2hn1fnlkf9ee,0.2946482690426978,3.9456781060745088,405.90232558139536,-18.47763460834696,647.0957198449735,0.7282492903251042,0.9354191736863217,18.087390059975693,17031114.10344864,moderate_bot
47,30jcp3kes0o21ej00145hji0gi,0.3004326604172277,3.8633818589025757,421.71014492753625,-16.777723193250576,617.1123076855004,1.2186970898142502,0.9333051920641621,13.282770996058549,17368358.43642597,moderate_bot
48,36m3d3mt4dfs9shoptldptokbe,0.5234354113610153,0.166689818030282,988.25,-155.61525960562162,3114.7752609211975,0.0598876638302639,0.907537381751602,0.20654157186827712,13097801.655876884,advanced_bot
49,36rja5utab0pakj5136bi7rkop,1.4788991280956152,3.758169934640523,6219.107023411371,-252.29615956286048,3476.4621132780017,0.16180825610568703,0.7648827420324714,0.7065545868134961,7159184.381847117,human
50,37f112qml42d33pentjpilckno,0.2762252496289429,3.962879357913218,407.24367088607596,-14.925522291722011,554.2601948651093,0.23616468891284617,0.9287145720011452,14.075747211723002,11831703.939250167,moderate_bot
51,38n32l6uepd8e4gvce8gaaeiuq,1.2360100737237432,2.4846625766871164,1915.888888888889,-189.32775549074753,3866.746795159374,0.0378436782417012,0.9028974158183242,0.5605951734495549,21009959.649162743,human
52,3ctnavj7r6jrdpq5q0n8s7s4l1,0.5136259552255256,0.9201497192763568,2625.169491525424,-2.8537649909321154,1164.4080462083336,-0.07590727277486635,1.009284332688588,0.28951401814805666,2.1295809695360304,advanced_bot
53,3d46kbg48go8hu4srfkogn5p27,0.5225075790858016,0.21700800217008,2213.40625,-112.47032720621931,2821.9578539321974,0.05249970671844116,0.9047264052482481,0.22943884786562024,6392269.15587424,advanced_bot
54,3dlhqa29pdkpur5c0fh3a1gcga,1.4293328596969352,6.834361651637399,5728.791666666667,-294.28144979527514,3168.6491900657124,0.04771766736147737,0.8093385214007782,0.7110891450946243,16414562.487735078,human
55,3e1l4pk01sc0ailn31s1mk5482,0.2771945509774107,3.9750894395123892,422.56333333333333,-33.69242528565479,587.1233608429771,0.4294949473904424,0.8759312320916905,7.8962969889323515,12175429.296713544,moderate_bot
56,3io4o9tlg7fa20l20kbidpqh7f,0.5197407144778153,0.2812939521800282,2136.4,-126.20000551798954,2888.725215319955,-0.07107330331254678,0.9312070043777361,0.2478383019519538,12737843.937659124,advanced_bot
57,3n5tfsl313lu7d2r708qdqtqe0,0.5127756611733961,0.18941785578987247,972.3333333333334,-94.812335467419,2802.89067438551,0.032806737003286804,0.9150290617215611,0.24180971727099426,11829961.413503539,advanced_bot
58,3nc17617gvarormtprojm161k4,0.5150943551368506,0.35681042506981075,2075.391304347826,-108.95621501933225,2832.7063582266373,0.07166033477499066,0.9182346903865891,0.2472002578381199,14476685.478100182,advanced_bot
59,3p31i0ob3gn1isfdhbjeuc5j0p,1.4213733177212722,2.9098794694639167,5360.495667244368,-293.1615458175736,3315.0117657146425,0.0699053906057996,0.7985603419187943,0.8814365085802303,3259975.762795777,human
60,3p6scp5rnqun6k08tnudv5gacg,0.5283314422605222,0.16485328058028356,1120.4,-146.5893749636544,3084.986497124345,0.0557337203264506,0.8951301832208293,0.2223399936513401,10333290.941635568,advanced_bot
61,3p8qp6np717jbhmhu8329s9nb6,0.2650528998984964,3.921220723917672,422.6561085972851,-25.64425634434427,532.2351179587827,1.0190950108369816,0.8989169675090253,7.366643291154675,16497683.553442838,moderate_bot
62,3qfgfasvf42im2b2pba7hlhvdq,0.24781619525146942,3.9023162134944616,1060.6193548387096,-7.502184366704871,583.0976232990455,-0.12519455189166603,1.001918158567775,29.721592727649377,1.6228182399707576,moderate_bot
63,3r9cb69qg00fac5os9au9a745h,0.3037104119328397,3.8885824600110315,420.63829787234044,-34.79084327613673,626.8071505284971,0.1983809723543587,0.8808664259927798,9.370940317458786,25806244.273568686,moderate_bot
64,3uqepgd76f9ecnauehcl4sucbh,0.49037666734687047,0.27262813522355506,1060.0,-8.919099649425863,1175.5778514792175,-0.044977320929866435,1.0076045627376427,0.2444129317818742,0.8712609303383936,advanced_bot
65,453lvg24j5relktbluq4s08um3,0.5216483945715188,0.2002612102742708,4138.869565217391,-120.50332146208503,2910.4869409019657,0.07635114640745759,0.9094910065059318,0.25231919602224956,8172072.069477873,advanced_bot
66,49rbuft0lmtfjd3qn70np3lk51,1.3009899121098858,0.4431923026229076,862.9553903345725,-122.04954015047582,4487.490590740586,0.07476030460985067,0.9176555195972672,0.03260955075055381,0.25315562815562814,human
67,49smdeovekeq8fgrnfejp533r3,0.28355450914056946,3.9762340036563075,432.7816091954023,-36.0384277449231,640.3840798942022,0.2348314862741081,0.8781896966779008,14.142986552408189,20435689.840051915,moderate_bot
68,4bnqt73v1q2ofhu8uj797irb7a,0.5071929540890295,0.22026431718061673,869.6842105263158,-112.06823745630929,2728.1669350858224,-0.04493542931495329,0.9298515104966718,0.23643740167319297,10924501.606337028,advanced_bot
69,4fo576p1kf4i1frb6s4c07q3pp,0.23359917267039879,3.914590747330961,425.42424242424244,-21.35603839851883,505.048785553701,0.5729235592945469,0.8860801050558109,7.8505656818897895,13579443.115205426,moderate_bot
70,4h1710vfqecf0h4r5ns5tkv72t,0.19344487040767266,3.9559014267185475,419.655737704918,-10.455651769280022,464.25832638897396,0.9434091002658707,0.9410876132930514,5.993906264497816,30455312.623518478,moderate_bot
71,4j64bd6drdkbib7sfpaue62poi,0.5136756035731174,0.672508661096393,2576.909090909091,-10.74596292867623,1136.6341120628792,-0.4358756224400648,0.9897576817386959,0.27565502383214624,2.0005448090107736,advanced_bot
72,4m80gpjmc7m39n63ksnr40i6fo,1.494483652496963,2.24849327770051,1395.6247422680412,-78.2556728302841,2876.4234008373037,0.040914488231719386,0.925597609561753,1.5917932553774654,3278616.0234708814,human
73,4mae49mh8va4g03vjatfn6np9b,1.3740941236776925,0.373134328358209,623.2578616352201,-171.9358877878821,4436.239095458759,0.02182694868339431,0.9293506493506494,0.029296130888885663,0.13148509222699434,human
74,4siqhlcume2me7ialjagodfeaa,0.31247579483029037,3.9729379588311504,413.1268115942029,-24.28229169937549,581.1725400042627,-0.5195297337477438,0.923125794155019,13.932250491873594,13351512.186671766,moderate_bot
75,55vbvsikr2l9bfeklmh8cumi5k,0.3081261719423995,4.079280940308827,404.5875706214689,-19.9965176981676,768.9424933224204,1.157589764714803,0.9703849950641659,23.911999850704316,21287876.7766231,moderate_bot
76,5764gbg3t8mtql9553lu8kf2gi,0.34006834995247964,3.9288949275362324,420.4121037463977,-24.034970575115246,564.2201070612614,-0.48788281849246184,0.9252741647538893,12.751644136153265,10510677.598977728,moderate_bot
77,5c21arc60f2e89ghcan6ek4rv3,0.5019055641466399,0.2319940946957714,1207.5,-95.58066744135265,2740.7431152099234,0.03694354778294217,0.921875,0.23902075538781672,9909298.879181836,advanced_bot
78,5ee4b4pb3sfijdhpp5hcdvlctl,0.23474273374383373,3.9587552936844044,405.93488372093026,-12.019514868905842,485.67164340787184,2.562190443550027,0.903143585386576,7.029183986702181,17343787.106568176,moderate_bot
79,5f7no8vabec3n4d414fgkvsql1,0.2644076065056755,3.9297475301866083,418.2625698324022,-21.120683047737334,592.0163010204551,-0.12126119230342548,0.9056420233463035,14.611888636326608,20593439.828161463,moderate_bot
80,5hv5h86d5hnph965gtsjskmtu0,0.2692470295904241,4.158930560712959,1266.8125,-12.74523960034631,710.7843126075534,-0.28230024483337357,0.9830938292476754,45.55156866078104,2.352872430623983,moderate_bot
81,5ke7d1qpke4gbknkauee4runq1,0.515934603403798,0.28360748723766305,980.6666666666666,-91.14170990294083,2658.7075012303276,0.06004860571050725,0.9511167298777918,0.25077683453422445,17907518.96354939,advanced_bot
82,5n0umenmhi0prg00139sh2111v,0.3150220972626944,3.9531941808981657,426.088,-14.680674004405885,716.2149250510126,2.310189135919287,0.906,17.86889746492643,28279626.696601514,moderate_bot
83,5rr9dand0l9k30j3bb7jhskidi,1.1259140568214654,2.039026529269897,9919.31182795699,-402.4710360745617,4623.883381996589,0.05373336494501634,0.8087478559176673,1.2004774797016977,25012085.807503622,human
84,5t832mbt4eh6u8rj4k6sml78rk,0.5085915879257743,0.25906735751295334,1144.85,-96.02136978830418,2679.0574480797522,-0.029698927517922587,0.931811697574893,0.244537549502552,12201608.087432193,advanced_bot
85,62fp2u5etekvin0lrlmmq7ras2,0.26214754431279197,3.95005675368899,412.77298850574715,-17.14285481403249,562.5992255431678,0.29858623055682326,0.9117943548387096,13.73563795874942,10628863.37624588,moderate_bot
86,64grp6p1ob94ga6d6grls0ocg0,0.2839671667030806,3.8775196184028315,410.23809523809524,-22.896048336911228,593.4371325143408,1.1312529663088007,0.9045174537987679,12.42837943942499,14198316.652777778,moderate_bot
87,656v65u3buefq447rk141pj08c,0.5095481888053752,0.9456264775413711,1887.1333333333334,-0.05751434411877448,1168.4265052733676,0.019252842834755222,1.0488958990536277,0.24546161050161489,2.2464346246406532,advanced_bot
88,65jksu5rbgasntdo5kcspn140b,0.5105785469695733,0.8538587848932677,2220.5576923076924,-5.396715637213283,1175.7764492151061,-0.06131257448559758,1.0113682501015022,0.3076949638767929,2.1310287502444747,advanced_bot
89,69pb8jcum0600139r70m1aqbrf,0.5024265698668025,0.6164537099305089,1605.0181818181818,1.3859826731628742,1141.3947148921295,0.023106498960103552,1.0026802465826856,0.23633284196328264,1.542740696198303,advanced_bot
90,6epdcnda98fpecfs85jtpdm8bs,0.5150645740794895,0.21266540642722118,1087.2777777777778,-46.25216301983442,2536.4891439891994,0.2137400808158828,0.9352879027997887,0.2412566386598617,11146198.995280564,advanced_bot
91,6erlvu5i411jk2mgv75rv363e7,0.5214321104524982,0.2518557794273595,3698.6315789473683,-98.49742724847658,2894.626096296448,0.017195948086630438,0.9380029806259315,0.2258998465893133,12269470.796797408,advanced_bot
92,6g7u329js521monmac550kdf1k,0.3185832800193442,4.056162246489859,396.0833333333333,-14.255740332331088,612.5460131684343,1.497968280793966,0.9270924467774861,15.436144503155978,12090551.164825981,moderate_bot
93,6gftqgk6qqkipsecbrvk0mtr5h,0.23217488406585593,3.956746129270091,1074.27950310559,2.003108226222189,556.9007179816407,0.3002451249242297,1.0233311730395334,25.87377584583565,1.60391515205118,moderate_bot
94,6i6kr6b4j4e7mkn12n3q2vq4ih,1.4507111673416055,4.681899641577061,8006.6746411483255,-200.90947125537565,3019.4135883197027,0.0020659951081836597,0.8137931034482758,0.7809910236576397,8121679.375025917,human
95,6mihesnd25t81o8q64jlaod935,0.25370853601344817,3.9752813134108096,412.18793503480276,-20.476595767979823,541.2688863865426,-0.39584764153836355,0.9231403255718112,11.817399098430705,8565653.110222781,moderate_bot
96,6ntd0tthl2oaq1l21tho6bflst,0.5177176485600775,0.9300265721877768,2152.0,-2.043649186915536,1129.3859230094183,-0.20437416602157113,0.9985433357611071,0.26033993578913406,2.18163535326806,advanced_bot
97,6ogn97v63ghf0kg1eidoro9533,0.2542569172415413,3.8829715518403667,420.80902777777777,-26.897222988489748,536.7801893730867,1.6651325330223288,0.8641644325290437,5.548766994063749,12537667.64794604,moderate_bot
98,6rb2dgd25a6v043offbhmlehl8,0.5004512861490419,0.20949720670391062,1761.9583333333333,-49.21419674226501,2342.1613452233964,0.08455755901922235,0.920130869899923,0.23559133653838446,8354793.16786058,advanced_bot
99,6rm870g54tcodidn4igk93cg9t,1.2245645840371848,3.3333333333333335,19609.863636363636,269.75676761270415,3937.0576210060717,0.042333220834493784,1.087378640776699,0.6066056936608035,75905154.65398431,human
100,6t1t0stce6afdl4ob3hl152fnj,0.5191598815087431,0.1939171259440702,2676.1052631578946,-103.37775200047844,2818.8229747079604,0.10797463633890605,0.9040573862362699,0.25517738169150167,9677789.320313113,advanced_bot
101,6uoqnd2dvamqempceg9ptlc0v1,0.3486219595438359,3.948161543098252,403.0687022900763,-15.28502462402518,720.9617001274264,1.5224898578445705,0.9562334217506632,19.283481998862367,27786428.50032873,moderate_bot
102,720ua9gtve32n6s1glmvebjltk,0.338137928718204,3.9102346140768445,425.1942028985507,-28.265725523324008,601.6180550810357,-0.2829195850098292,0.9137206427688505,12.21863541459145,10420586.79261994,moderate_bot
103,7428dqv0aoerlt7uj52th5qac2,0.5007639048300749,0.8566108007448789,2420.086956521739,0.14697859580714318,1131.7918603072771,-0.2270911866058522,1.0162308385933274,0.255153705660054,1.8114570525206395,advanced_bot
104,75ufmqjcbcd722b8qt9sdvphdi,1.2932738013412557,0.5404901686702078,1045.530172413793,-245.9847758065693,4328.564067845039,0.039384100524743566,0.8778509883426254,0.04618977154722221,0.41835473240823196,human
105,76150kjid2p1e830ilbabbocir,1.066320034781214,1.6797788645545395,12633.962025316456,-331.52135150473464,4782.539562372597,0.08539558422373035,0.8370739817123857,1.680313664903801,26795265.89073345,human
106,777aid4b8r0bh5do5ujttgh7me,0.514410998009066,0.08177729317159602,1501.1666666666667,-102.9733395935737,2740.119721562539,0.035101431458106486,0.9070588235294118,0.2408494640710944,12884076.910822302,advanced_bot
107,77ac9gmq9m61tv68pqdpg1holt,0.28328718817895987,3.803433187478963,1412.9734513274336,5.4142124801473495,726.4455923496031,0.6797764271856441,1.0066225165562914,37.36059032324167,2.327744429748703,moderate_bot
108,7a9emfkn0ri8ntg4k0uotsi07v,1.4737417682265244,3.0360531309297913,1680.2105769230768,-53.661054038397246,2875.0395042094647,0.08234540250765486,0.9248285840095616,0.8282928151681481,1661022.121213762,human
109,7e7nf7k4fcjagt3nasaihu4scq,0.4259686236197476,4.0101845957988544,392.2857142857143,-26.00831529570811,765.3816562653145,1.3739938642577125,0.8900949796472184,19.582128933439744,59039776.37221528,moderate_bot
110,7el564n2rvpqj7hl5gn3b8uk8j,1.207677361662073,0.33327743774628993,666.5094339622641,-237.98213361553897,4517.962604440115,0.07056255197746163,0.8553758325404377,0.042616492000446954,0.1155657785244383,human
111,7f2bg9n48opuf4ligvtc1dsopr,1.3176392222794402,0.47825701886458244,776.8981481481482,-172.43279629939255,4379.642566225574,0.04038563553913807,0.9062344139650873,0.04793965486735745,0.20948679940707504,human
112,7fk29hdm43m3g5jcsn40ilqq72,0.5027880310864095,0.45217391304347826,1389.076923076923,-27.597384475874364,1275.5720187041954,-0.3603586732393098,1.0166156536947968,0.2813065849015143,1.1452714962621957,advanced_bot
113,7gce60ae3b26e071uuothvl8ov,0.5145601744842515,0.6534499944622881,2362.5254237288136,-3.507966728016753,1159.9943018893684,-0.3468114137901365,1.0117134295832197,0.26613744231834374,2.176127083711404,advanced_bot
114,7ijkbba54hddp8bflnqkq3ttkv,0.2557708015988514,3.923431984795004,420.51557093425606,-16.877545279480618,520.1239144290047,0.9323860566970477,0.9160234640321087,10.024479087723169,12689733.650818985,moderate_bot
115,7jbhkuigmbeo5m7ei6h4eefrmk,1.1499877025210639,0.3224023581429624,666.2,-110.16971631685637,4711.296500357758,0.011450115777974265,0.9807692307692307,0.03771985934064607,0.11597531051284891,human
116,7jtk8r1ak181fhbf582hjhvbdq,0.3068300462943353,3.962115232833465,412.9083665338645,-20.390398924946293,613.3759582332094,1.0525722643677884,0.9030324400564175,12.349121864743218,14699959.740050524,moderate_bot
117,7njpagdcao6g5djp50o4pagroc,0.35515114409656573,3.859060402684564,424.5217391304348,-20.2848085106174,624.432074674033,1.238216361472531,0.9504950495049505,12.17612748700532,30778075.912437715,moderate_bot
118,7onurvslijk8fm97iohvhcoq52,0.41351576939843343,3.9456042903658304,422.69417475728153,-0.8166025936388086,625.3155876017133,0.07446022654062194,0.9721588315837517,26.750572646046987,0.006957328385899814,moderate_bot
119,7r2rm6dnna7k51md8e5m4ufpgs,1.4132331057138956,2.075957515288059,1873.3178294573643,-46.00931006330348,3094.9168759486383,0.06553114300907739,0.954031117397454,1.8416554977561068,10710025.107426994,human
120,7rgj8vp869l5hv128476ipugq0,0.5468522045469816,0.17193208682570385,978.5,-103.64654725626906,3032.9943702320656,0.013756710693627485,0.9277942631058358,0.2703616588508278,19681614.51515337,advanced_bot
121,7s2ruv2tf2bpptvc3g6ujkpsbr,0.27790872919897497,3.9336990778568928,420.30563798219583,-20.87480634111315,569.6190949783596,0.5383246272794654,0.9487991554499868,13.88201483829156,10789457.759360157,moderate_bot
122,7t04jne512skpddsh6v4p3k3th,0.5144536142226542,0.18976618095560827,1099.5,-133.27479277556367,2818.0438471842535,0.08438036140908609,0.8942994605627642,0.23739488611342527,6420944.298613859,advanced_bot
123,7viehtkjnmi6q1dque68cpudao,0.26027516429847775,3.9140811455847255,1273.8536585365853,-12.21090270078032,583.6106927678329,-0.5290984976923859,0.9820322180916976,22.246893269578646,2.146650493949845,moderate_bot
124,83okvnom28kpisse1fr9h2i6hk,0.5224928718829936,3.981436248168051,426.33435582822085,-28.29542263837551,604.795235428923,-0.11075217314478245,0.9258168184252812,13.73753942084512,11220647.17498201,moderate_bot
125,84q2klr0foifmc69684fjvafqa,0.27597791456763304,3.7953398991112177,1208.0949367088608,1.0727459946460203,691.1883349493266,0.23033042911801385,1.004822182037372,32.877125723078,1.8770662051060147,moderate_bot
126,89vshcu5jgp79ebb68f7jjkqc5,1.3907730984671147,1.7229582633575915,3212.851985559567,-135.93853643168828,3385.8759743301025,-0.020261372664968292,0.9169253510716925,0.8150006497679001,4360221.6686945055,human
127,8h83euesdq85f0shmjm34alpln,1.3490844227070535,0.3866306093129384,832.7049180327868,-124.2084241176926,4491.771653887459,0.04571525444824528,0.9167862266857962,0.05427081805574858,0.24109457256620614,human
128,8hj8u6nem85dat2rjgu8v7urhl,0.5098399901006349,0.1789798150541911,4768.666666666667,-78.48243066194453,2691.447218954088,0.022815258560287748,0.9368675758908931,0.22547097291787693,9381992.729668943,advanced_bot
129,8ikvavmgf5jc51c5goirm6gd5i,1.120499389298282,0.29492912187232423,650.1774193548387,-211.16178999174556,4731.736436129341,0.044694771154242946,0.8797583081570997,0.03026138004401495,0.11581914482507785,human
130,8is1s1cv7tu0c13vcqka04ck8m,1.5747558650345295,1.4934750219892656,1517.9038461538462,-49.67751117710677,3093.6006514918276,0.0024386143913757044,0.9646729487836613,0.8748553531210596,1331405.8621485245,human
131,8kvar6qgj9j0r4qj5fcpkr3os4,0.5150891768255996,0.18189167340339532,1020.0,-112.65506789927322,2831.894097958339,0.07444570885706592,0.9020210896309314,0.22102389739016806,9585828.626612311,advanced_bot
132,8rgi5ent4bhdjhmsndl461qiid,0.3179863620665214,3.9503026441541893,417.3790322580645,-26.053120369120933,567.2024104041502,-0.5661970283302842,0.922695035460993,11.941210215449365,14691756.642503636,moderate_bot
133,8sbj7j6lh3n546om3rt30fk64n,2.1983176005358254,3.624260355029586,3774.2448979591836,-34.87235334963299,1653.2145654584235,-0.13338564514339918,0.9096278795038394,3.3803916709084163,5076850.351740859,human
134,8srapvmong540puc7nb8gttr9s,0.5241533119920077,1.1507479861910244,2422.677777777778,4.025963585678257,1170.7750902278456,0.08633298027764143,1.0160410651267244,0.2777757159232799,2.227957929621873,advanced_bot
135,8u4qvgq4v27s61p19tufp3e89i,0.4974443166456079,0.3319713993871298,1417.3846153846155,-95.64305745802838,2637.776911335381,0.015426884498839074,0.9103214890016921,0.2242949989968421,24490668.060662437,advanced_bot
136,8ulhfbi2gtqm0lc3eeuufouv34,0.2670988674837498,3.9433148490449788,412.2994791666667,-18.59147612838919,533.2198920248849,0.0815939348654856,0.9039431453461715,10.53653267639581,9628470.532005971,moderate_bot
137,9cuovso04bhmsmeovv59e513qh,0.17219536022483195,4.016393442622951,409.34285714285716,-0.9136666776759192,460.27320000805634,0.14551625086836564,0.9970008568980291,23.400165979264766,0.07492222016326451,moderate_bot
138,9dsc15b0dug768h29lutm2sklo,0.5044040226878603,0.19283542238374246,1123.0384615384614,-111.51162752695072,2709.4379874936617,-0.011607716461159817,0.9143458549222798,0.2334379425078998,7061203.369499648,advanced_bot
139,9hdhd3r1imn0bdlevf1s4g2ks4,0.513298546503358,1.2852752165409334,3010.586956521739,-3.0799741847472553,1160.995387963774,0.06321960208825164,1.0176429075511644,0.3049230160949019,3.0530181941846624,advanced_bot
140,9ppkomphkbu1dv8o483g64jqsv,0.5160324003452473,0.23551577955723035,1178.5333333333333,-135.4491343895967,3055.9082748090254,0.04925145882458996,0.9033149171270718,0.2408189898762208,14810033.491626706,advanced_bot
141,9ps9ql7hbv7pcbs8mjr50e0rt8,1.3539008281627696,0.46969939238887115,832.6765957446809,-155.4872832027471,4426.118597758518,0.048919106180887205,0.8847502191060473,0.03452625016407129,0.23847806594596424,human
142,9sha96b0pmg0a7sknb0nm584ep,0.23562370241207953,3.9633110632997393,413.52285714285716,-14.83590542364362,585.9092913990019,0.548093544331229,0.9230769230769231,15.001605530786998,10587102.969537359,moderate_bot
143,9u9n60vrj29l7tvlt893mdhi07,0.254428249698259,3.9325842696629216,425.67287784679087,-38.235972850470375,601.4714320567756,0.4635255555657976,0.8891064435742257,7.65009033042212,7406143.496013318,moderate_bot
144,9ucesp41db4848uq9h8of7fcgd,1.3805892788413558,0.4606596646397641,684.3,-157.24137224866342,4444.852989069902,0.01571030956989177,0.9035897435897436,0.03956321025970556,0.1651685750131017,human
145,a1cgh1mg2ljn1lrb41ud03f67i,0.5168697202443779,0.3021148036253776,1074.0416666666667,-87.03263425401838,2685.558565821974,0.016822798884784076,0.9274682846111417,0.2660560630683371,11947182.955774596,advanced_bot
146,a511chc13vi6tde0dr4780cr9n,0.5097462514204641,0.699939135727328,2618.891304347826,-7.085169946171806,1195.0147099290793,-0.3769441993824862,1.0096798212956068,0.2592133731857104,2.07564628275985,advanced_bot
147,ad9scp2lb57iibuqakamfu5hjg,1.2431704715938163,2.201467645096731,24607.040404040403,-87.98694484266382,4655.214115123937,0.031649994634538006,0.9467366841710427,2.8203367192644855,23817882.88330073,human
148,ahpte8dp0s8io8sd28orasfpkj,0.5052942926784839,0.20838440794312332,3700.176470588235,-82.1272165860503,2729.209818228831,0.10711863954467125,0.8913101249003454,0.22675277289764897,11538765.846324623,advanced_bot
149,aj9b410e48gia1a4u0s5e0on3v,0.47795180963687967,0.28735632183908044,1571.7142857142858,-25.53908061398421,1178.4617300681225,-0.4546284008905295,0.978112840466926,0.30305472239935266,0.9698989650073928,advanced_bot
150,ajpjcn74cv2ta0boepifbre3pe,1.3499937715935126,0.3788353162179086,665.2396694214876,-61.6007462843742,4463.610268737961,0.040611564512266544,0.9126420454545454,0.05489827921976116,0.14807203879011777,human
151,akniekteebr1v6m9uetbh65sha,0.5027986175290314,0.1426533523537803,1213.142857142857,-98.37279106281247,2729.320943353184,0.019588821131085187,0.9239453357100416,0.22287256638726546,6426314.201248449,advanced_bot
152,alj7kd9jmvubmb2khqu59nl9ho,0.5128305329221599,0.22784810126582278,989.5925925925926,-100.51343221915,2920.2702956499943,0.13018308478367138,0.91,0.23536666091198608,8016492.964534759,advanced_bot
153,ap7lk8nq9ssv9uftnfbf676nop,0.5071430736936824,0.1796504981218357,1848.0,-90.10937656679572,2700.5841502633507,0.01997145116870371,0.9363849342223824,0.2522465448873549,7745806.458777456,advanced_bot
154,aqn61ppbjkhm8841j1ofqp0u0a,1.3245016814998651,0.5527834849819,1091.6106194690265,-36.5582383801277,4183.1106318136935,-0.0026276907272375083,0.9557894736842105,0.0497240592187845,0.5246027595639406,human
155,as0na0kr8o0gfoe8do6a6cjsfi,0.5073466082373803,0.5932421975754448,2613.086956521739,-0.344586077631363,1198.9973413922073,-0.13920446473336914,1.0,0.25246956520293273,1.570469026752237,advanced_bot
156,aukl3llmaggljgm2dv21pgl802,0.2602983619984227,3.9678863671452835,1152.4708171206225,-2.9824257481813308,664.3714742679583,0.11410383975352079,0.9939439818319455,34.43534867378388,1.9472274971515382,moderate_bot
157,auss0hbmmf507a7eqq1i2ls24f,0.5064255715722359,0.1840883624139587,3782.8695652173915,-136.66205503379805,2808.7579314231125,0.02511852735055341,0.910761154855643,0.24033509195995514,7633660.938241501,advanced_bot
158,av66aadi59rs6j2njfq9ka2ab9,0.5464749271158339,0.26603606266627255,810.7222222222222,-146.1055971384168,3183.685812983055,0.04251082612174162,0.9036184210526316,0.2536728697729772,13296463.746853888,advanced_bot
159,b29vltsdmop45jv4bjp64gc73o,0.27484320250822963,4.028375981758297,1249.566037735849,-11.783918431608424,701.2357222472738,-0.1016867778095474,0.9921307506053268,40.15606878292698,2.1268428622797555,moderate_bot
160,b3avd2j0387kff1fs4hseklo4t,1.3423193933824793,0.43091308511237536,710.4084967320262,-111.08260879605652,4540.013143072489,0.047798243948029166,0.9112370160528801,0.024147401347983734,0.15849186110011673,human
161,b6hfnt250mbc1h2qub8slvg0j4,0.5170142797469554,0.18436178288688865,1032.7058823529412,-139.33472891230315,2763.4517489337295,0.006026480872970375,0.9158475185806761,0.22538940111573832,10256673.122249827,advanced_bot
162,b9k26s8r31dauqokj6svvbedc6,0.505333681385918,0.13756104271270378,1121.85,-86.89126841886714,2774.6065315189485,0.04023018906149373,0.9212230757644223,0.21398170672890632,6520503.927243199,advanced_bot
163,bbvicd8c0b0onlrtpspn8slmo3,0.4935819355701972,0.16201927176601008,1904.6315789473683,-75.50106894462073,2536.191784547761,0.006650476693091018,0.9517684887459807,0.2140384147076962,8133910.97777609,advanced_bot
164,bdc60f7qbpi1sk4b33k13c7adi,0.49757606891744666,0.1657153378751611,1292.5555555555557,-50.39956642048852,2540.05774665076,0.05980710224288255,0.9420880913539967,0.21391750878636118,17461267.303245448,advanced_bot
165,bdnrcfsa6rd1fuorjjjmi0o20s,0.5023719163176629,0.5162326488470804,3113.288888888889,4.337470953830038,1139.6273571353076,0.03742197645683235,1.0169252468265162,0.2455793047473013,1.8743168277550908,advanced_bot
166,bdsf9dba41deu2j4744onppg6k,0.5236760016575032,0.23510336441021484,2632.896551724138,-157.66780215552959,3048.7831470359847,0.0390796522948109,0.8911576704545454,0.21549349561456813,7517776.840507052,advanced_bot
167,bhgacl77180d93ov5a5fbbau9v,0.5125350210694823,0.9522495169748828,1983.5507246376812,3.1861965347949233,1210.3896688986335,0.14068407140429548,1.0182247721903477,0.26987607997575713,2.180366628060226,advanced_bot
168,bl68qvemb1fdbu18lst67s7pa5,1.357172856815233,2.4342105263157894,7673.324324324324,-230.22737476642095,3630.1015485194157,-0.027259957615658897,0.8601973684210527,0.7269324822817113,43332932.21118666,human
169,bmffbdlnb9nv70j14hil43n3jl,1.3100241077038581,1.5080190486616674,1152.4174228675136,-67.7998729266483,4673.684924467851,0.02203539864360678,0.9686795072011105,0.9555724215301286,2848028.072322722,human
170,brrlh9tmiodt2ekkjvn7kcsps0,1.4212674178831277,0.4247104247104247,778.922077922078,-176.51946279848605,4372.191721937572,0.02934613756269824,0.9230769230769231,0.030329349325029148,0.19876799862046501,human
171,c0dk2v6mvdlnfaro53euc4u2dh,0.32654340678459154,3.9510985116938344,419.8789237668162,-24.280303884555487,661.7123437490502,-0.2513216269624471,0.9589465530596437,18.981623033253573,16303244.348002193,moderate_bot
172,c4icboll633l807dsum9a4jf6f,0.507745188931495,0.16778523489932887,1603.36,-100.01298122328964,2767.1687908333824,0.02518177288398963,0.914522330671399,0.21276643319231653,6372409.327452941,advanced_bot
173,c4jthmvc4kk57hh14pugnmmj9j,0.506305819878101,0.7437595517065715,1927.6986301369864,-7.9952649776467695,1156.2512443651538,-0.29383499910816946,0.9970817120622568,0.2505739212089647,2.1508978110165478,advanced_bot
174,caouro53ha6k4ktgr087r3mm3e,0.5144795667839279,0.17153673252099846,1522.0344827586207,-141.95968953943623,2880.7547795421647,0.07316497226165053,0.8828275067230119,0.22796534017477754,5580710.590954107,advanced_bot
175,capa6qv5o85v96iqab45773l3v,0.5284452171136782,0.3069577080491132,1155.611111111111,-172.0230571507593,3143.966781131712,0.08113642250223581,0.8850187265917603,0.27777100412824984,15683134.440778103,advanced_bot
176,ck0vis16184tm6572eohin19d2,0.5045508850165344,0.7098724858682793,1649.5925925925926,-20.289323627001163,1337.4300261769872,-0.20615212906402441,0.9996835443037975,0.24047253270198896,1.859570362647537,advanced_bot
177,cmtn6a23es1vk1v038j2pd0cqa,1.2350687601074686,1.717048411449131,842.3741814780168,-131.31804091394477,3590.902900451346,0.040638246685754886,0.9096043112357891,0.5751069040347957,1107218.3963855521,human
178,coom33f4pfor5m2sifo3jphip8,1.359732383809822,0.5111047835990888,987.0863509749304,-102.2208014385931,4485.675053950887,0.04854974310497159,0.9229074889867841,0.02336246325876325,0.3807988157230848,human
179,cp0fsmlkqai46gpcgkf8uhel89,0.5094798965384016,0.23535240926545273,2300.1052631578946,-139.08710984054838,2840.275558044694,0.08834395955005483,0.9164405860010851,0.21636922758057137,11801534.900495281,advanced_bot
180,cplv14bimptr0q91k4v96bbjpj,1.248070237450492,2.3974181650530197,3749.846153846154,-115.65865441401706,3733.925678767919,0.08720803001626337,0.893125,0.63019880256194,13379796.657099774,human
181,cpsdqcel0k0qkdbmen6e7naqtk,0.3824831211822366,4.068348250610253,408.58,-37.25883313225272,685.0205872364085,-0.10148427348116913,0.9118150684931506,18.234725677825736,37448118.24851933,moderate_bot
182,cqifhegb8rual6rgoa4kp17cgp,1.482783531222307,3.648548026805659,17647.38775510204,-140.14569166730203,3586.809395665691,0.16206128369023495,0.8070175438596491,0.9041962173459193,48641637.15919072,human
183,cs2g8i2bgh2nc7i5eiq23jp9lv,0.5191352471276144,0.21941372652273128,1049.24,-127.6538369854067,3109.445959972432,0.03504362931081451,0.9160988904029589,0.2273627837648736,8163722.026173726,advanced_bot
184,cuopc1ldihiqtmik2jg0e8is86,0.274129537615395,3.951055482906781,411.6241134751773,-17.809233377105162,542.6055306291092,0.1722887855081202,0.9067672323486277,11.79444131340721,8736617.624276482,moderate_bot
185,cupcde8stlaqucrpahgnsiv0b2,1.3469929999599028,0.5468261762342648,934.2489795918367,-106.88437049272343,4368.896027899498,0.02526462646401485,0.9247144340602285,0.06018766542538547,0.36652729309146437,human
186,d0fqf9div7sivpkmojq2vkl5rj,1.271544656130656,3.4733441033925683,12502.848837209302,-542.3916089319202,3761.2916085642833,0.019451036986317418,0.7221719457013575,0.7660171277576588,31015261.992062725,human
187,d30cg3kv9lg5tfrldsqj031l1k,0.5273255002070923,0.3150157507875394,1066.3333333333333,-168.67605089786903,3060.320000708534,0.019762104836968945,0.8990731204943357,0.25978527591440975,10920638.830886504,advanced_bot
188,d46m49a9l5vmcfitmoov0nnifn,0.5081576587417905,0.2508361204013378,2076.6666666666665,-97.57865446601726,2653.248824298444,0.04630369067779345,0.9069168506254599,0.2199909917612771,15896426.457324134,advanced_bot
189,d56qe8tlbmju1frcr1t6l1flja,2.387035977619242,4.9953252303993585,2636.743315508021,-72.40809158627133,1751.8384424764881,-0.13574052721346924,0.8757797667480336,2.448310710304725,4652633.684432225,human
190,d7em9di62egju3ahonmu647oeh,0.5189220946912682,0.17523364485981308,2403.4583333333335,-100.53692225977242,2727.321596925563,0.004198578811847105,0.9278501628664495,0.23767552910587775,6791846.977230822,advanced_bot
191,d7ourvq3bntmee5hjnv5it7v7f,0.3175972856091476,3.8961038961038956,415.46666666666664,-19.506254227544744,581.9896541801323,1.672414130069867,0.9217739451801663,10.82499736437778,12708109.119595492,moderate_bot
192,dathp4f9v59rcb8gv8qr01htqg,1.1972834675166804,1.6636861214978593,1938.358306188925,-57.07442699617034,3697.119671059526,0.04718182494677825,0.9447814000505433,0.6836497284110167,3856600.994913899,human
193,db1eh088lv5ga1nen3ikagrlld,0.24802478845297396,3.965065502183406,423.2599118942731,-17.844274203255452,587.3744756950252,1.9028064300941394,0.888976069046685,11.57837964492434,16064980.139893366,moderate_bot
194,de7gpp1pje9dbdb5d32fnr7v9t,0.5143431926459533,0.22279985146676567,2102.722222222222,-72.69125071742462,2702.0853179899564,0.12286990353110613,0.9239782016348774,0.23497522104195417,11674820.79787149,advanced_bot
195,dft8qvdauujqen81pdjev9po2o,1.2428217709701452,3.11968803119688,3409.641025641026,-212.33953681628287,3726.4103501717887,0.09175603770908271,0.841449855459195,0.6437090445095427,6280408.547908617,human
196,dhn1bd8uiaa3qnajsd3vg6kgc3,0.21782665852934105,3.899235118057865,426.7782515991471,-19.968428946514017,527.876287207514,0.3495907544341431,0.8904867256637168,10.561949285404122,7717777.289325343,moderate_bot
197,djtvhvvtqtj6v5ganfrvre7094,0.5011436486573836,0.15154795410261962,1041.5,-67.51406610745724,2423.667001428274,0.0555273793313199,0.9215451055662188,0.2299452933806407,10297446.76847417,advanced_bot
198,dne20ji4gjh7i5k19nueps0biu,0.214479040218669,3.8645690834473325,428.353982300885,-2.5332952805418443,638.4759592253544,0.24550430509070917,0.9925465838509316,35.59716103550709,0.0,moderate_bot
199,dplgo3sid3ccoh1p28kt7oal82,0.2085961144065193,3.7974683544303796,430.01851851851853,-3.221882373880369,614.4677318540922,-0.01381223192802405,0.9746192893401016,42.388737415341865,0.0,moderate_bot
200,dpmpsl8ejt2b9e49o7ulf939f7,0.5105367117215711,0.26273810640893314,2947.6428571428573,-89.18875355297205,2706.738985348867,0.021739010919064206,0.9213622291021671,0.19829368083466142,8873958.525038816,advanced_bot
201,dpo8vpnhg6ca53pj9di78t9513,1.2250932632688514,0.34196024404644754,795.5827338129496,-151.11211007423253,4637.885350316555,0.029330751403411275,0.9553039332538736,0.016481963995192774,0.18768645856072183,human
202,dpt66d4mu55mfh94hban355h18,0.37649462867052746,3.774509803921569,413.05194805194805,-21.462489672515225,659.2141212195035,1.3074254599752761,0.9168929929386204,12.43058611780443,22353055.782329116,moderate_bot
203,dr09rk5eagjuu87gedvdqmq3gl,1.3532585037566387,0.41352031643293774,999.8768115942029,-55.77039946893871,4207.115419042487,0.0023041311995165886,0.9386650631389056,0.054351765467859026,0.3322807451678672,human
204,dufvrtn3u77g2pc3hc6to751ld,0.5256392251480049,0.20912400278832002,1012.1851851851852,-121.1255096381601,2987.303693301645,0.05861629279734978,0.916465308940283,0.23952032876180226,7217750.868920978,advanced_bot
205,e8jmubonei35n62lcbcj9h2t8f,1.3501954065871224,2.36653824986241,2010.4186046511627,-237.0947062663506,3604.449817466798,0.11877160569158485,0.8548168249660787,0.634936090001279,37872998.30864285,human
206,ea6o9mrlbajljrpf2s0rgb58g2,0.3373393074330788,3.9303403099536665,409.3048780487805,-33.61183064511317,723.0034093241852,0.7964440191342222,0.9061016949152543,18.623720172793497,14937033.787263528,moderate_bot
207,eaco6jibk68tptehc26jin808r,0.5292485373769062,0.25752077724452765,883.2272727272727,-162.02454140828766,3040.880260177138,0.033282499774750327,0.8867635807192042,0.22235650929947492,10825750.283336705,advanced_bot
208,eb755astnc2v6cch658lgfrhfh,1.424634169749604,0.5483722004156084,905.4263157894737,-182.04075856788353,4281.411078445379,0.03804637336516291,0.8928348909657321,0.07751199848007002,0.3080623173406162,human
209,ebas262pt4detu2qrnao3ms6g3,0.3827394176159014,3.9285714285714284,389.72727272727275,-19.748920056543156,555.3687866121772,1.1697690292281129,0.9415121255349501,9.591524732327981,55442399.92664066,moderate_bot
210,ebnjc41jpisf779951hm4okh7p,0.5102294946553037,1.4563106796116505,1889.4102564102564,-15.136489091105368,1301.7385569522767,-0.1803199028291465,0.9963133640552996,0.35290432182410497,3.097788982842864,advanced_bot
211,edeshbkv1db1cllm5gipdkkklo,0.509938585784452,0.21109192093648052,913.0909090909091,-109.92673567505955,2774.1460560867563,-0.007506631159503489,0.9280135106607558,0.2179598232434041,8989796.203513073,advanced_bot
212,efv4a0sofko479l05cmopqs3ml,0.5322519391896041,0.14259523324506007,1041.142857142857,-107.16266638352634,2815.514998963766,0.1461776352878034,0.9283417547083141,0.24571313498818462,19485562.945292406,advanced_bot
213,ekgb1bqqcjo0i087koh3cqo2nr,0.5154952941178538,0.1885369532428356,921.4,-108.39807788024301,2733.2990084634757,0.030445635300524403,0.9134734239802225,0.2339472133981784,5988359.532803603,advanced_bot
214,elrsng5u5rasfrr7j91ad8dmgl,0.2958833328832353,3.967102080309627,407.6585365853659,-15.413029968820439,658.5842387078736,0.39992904105730925,0.9337851929092805,22.447331214061673,22705423.2788554,moderate_bot
215,eoj0v25cg7p78ojpr26s9tea94,0.2520437638044476,3.8071065989847717,1053.0051282051281,-1.8021111737499589,610.7609332134699,0.4494003564014681,1.0092233009708738,35.899256790347,1.5566127610927192,moderate_bot
216,eojfrtvrp3d9tbsv570shra6ck,0.5144048771327265,0.2276122057045309,890.21875,-95.67308601936062,2775.4207143830477,0.005763166400980489,0.920999219359875,0.22339981045737287,6634582.221428129,advanced_bot
217,euj4q1fvb0h7sgca0ngnkb88gs,1.2085065396697985,0.37842092516347786,606.432,-181.14414943309657,4577.692380216977,0.0736579843447513,0.8974729241877256,0.04027591084975102,0.08454169912952822,human
218,ev7egii8jia9kq6jfcvp3ccego,0.2908976134966739,3.9732593340060545,406.5206349206349,-21.87292912827613,690.025128539306,0.39967638354035046,0.9443237370994025,21.45577688683026,11802922.059977364,moderate_bot
219,f0prqiag90373knljtlksmsp9g,0.515904023873091,0.2244109213315048,1133.8333333333333,-101.44950681731328,2984.8153133586575,0.07941050234182091,0.9069830878341517,0.2395217172850149,11679151.176474439,advanced_bot
220,f76c77gidobkhj3onqhf4s3n4d,0.19329784206892142,3.7293553542887588,437.22857142857146,-3.365318724458658,534.3204995074342,-0.14270227683730796,0.9850948509485095,34.15846346229893,0.0,moderate_bot
221,f8mmn03rdoojfjb50ma70ii8pg,1.3966624689877658,3.234212139791539,4679.175355450237,-214.33309053520438,3804.5979386532263,0.04257100866315793,0.8606885508406725,0.8087969856043088,8500012.916894691,human
222,f9gd6pgmkcgvpb3lfnmr1rp86k,0.27601305016645183,4.01163999168572,435.7979274611399,-3.034292053556192,613.8201612877372,0.2057689036928723,0.985279685966634,38.10903311172245,0.06646624562084055,moderate_bot
223,fas9mgeiptj5suoafcgt3cb6a6,0.28937347955627285,4.042425455273164,405.029702970297,-17.714025794391123,677.567630875755,0.6714530693150573,0.9610673665791776,22.648631550592818,18245231.301273532,moderate_bot
224,fbg765mj84vj3htic0b4dq1n3r,0.38848766741764856,3.961038961038961,432.12295081967216,-41.41469517293925,687.4913634365427,-0.3638502052780588,0.914001421464108,16.105323992934277,29803106.477165177,moderate_bot
225,fc5gps8fqlfqk15jevt6s2jf9n,0.5082425578243109,3.9410681399631677,418.32710280373834,-20.652228940432206,695.8250880102722,2.677503834307967,0.8858520900321544,11.777865366761423,33645486.37336853,moderate_bot
226,fhob1hm9t3bm6ea9fm9fppec77,1.1464607868530807,1.7987613944749843,4462.748549323017,-119.14528259645203,4702.904149174416,0.00011183380651318925,0.9586378050461878,3.131760715345306,4349073.20788876,human
227,fo6m1rcfdn34q1l8ch8h5tpn9l,0.5128569523044458,0.2860957467098989,958.2666666666667,-101.0524217732153,2619.9835177013288,-0.03977657483271246,0.9282735613010842,0.23471845997780683,17706921.221204203,advanced_bot
228,foe78l2si3v0pbi9u3v9nhrgq3,0.28915036289585844,3.9136795903438184,449.4299065420561,-39.5219564550502,678.3441326755592,0.0035010525005628786,0.9200949367088608,13.545688718252316,16308873.368442431,moderate_bot
229,fsjvbae9a6rr1ka25ldsvbdtuu,0.2842922890545045,3.8461538461538463,1487.2,-12.944796712076863,610.0923005636149,0.07750119151343024,0.9929133858267717,16.673288101336574,2.6222356976369596,moderate_bot
230,fsnt8h9aa411ltni8e4ang4vhs,0.26158416241398075,3.9719253469452864,418.4899598393574,-23.480733362910055,529.0347434597721,-0.38889880077686756,0.9029264810849393,10.486646001770756,14703862.7097864,moderate_bot
231,ft8u3nl9jdblj7li54daecevaq,0.5083567061243343,0.16435081428357984,912.0,-113.18556799381021,2779.6726725294147,0.11700378570553062,0.9213595468177275,0.2438646249885583,14267312.642997378,advanced_bot
232,funl6b42rjdgtlcmoviv6alomi,0.5187622753073919,0.11482939632545931,1686.857142857143,-114.97902259625467,2747.897706864346,-0.006864840382453426,0.9089259796806967,0.2432189254704802,15470572.282602832,advanced_bot
233,g0tasn4quqqhmjj1cvsj5skoif,1.3440067306128072,2.607640994542147,8324.581395348838,-353.85372067351545,3716.801810186372,0.04775297278423108,0.8358092259577795,0.6330395924842054,19028220.390895844,human
234,g150gc5ebqqebuj9u1rmjmdkg5,0.30908800926828234,4.060212677806933,392.5748299319728,-21.805569538124182,704.6771382526455,0.39990223465263836,0.9699248120300752,21.24591498930732,12913497.236688484,moderate_bot
235,g2gh9qmk9krld14h5uojlg7g10,1.282237080367542,0.44598612487611494,1096.3222222222223,-171.32727792592289,4307.091789056259,0.0424867791311677,0.9070918086860913,0.03453664056827967,0.4213007398095691,human
236,g6c743l75fivr6eeqb8lgi5u41,0.5090213813441863,0.1893939393939394,1380.0,-96.36448101169248,2572.6689695421805,-0.04152977004099785,0.9085153529597974,0.22700942474081012,13834213.499849254,advanced_bot
237,g7q3oi1lvdqbljh6ili0al2co9,0.5204234637788293,0.2595936794582393,949.1304347826087,-121.3454908465737,2855.676108692618,0.03710910178028238,0.906172224987556,0.22977695596311587,10434195.673434384,advanced_bot
238,g7v2e1jd1n4d06b3o6d72eckh1,0.2795940909158322,3.916768665850673,420.81597222222223,-33.400517595394945,581.7113418448827,-0.12605494800778974,0.8876187648456056,11.48853825683204,6295841.839369789,moderate_bot
239,gfdhriv71s2e4co6clm2sf5cbf,0.2988083569795771,4.0098945449811225,396.81493506493507,-12.029892454056974,629.0351866714924,1.4110489932695132,0.9243258915627718,16.614400378655642,12267876.64058024,moderate_bot
240,ggkoae2me51q02ro3ren47rs9n,0.30091983358556346,3.9728506787330318,417.33940774487473,-22.33464432137066,521.2469458575034,0.1856370926490567,0.9126886984904121,9.607519260667937,8386773.325757734,moderate_bot
241,gh1545klvvn6sdmmv8ntfjtpsj,0.5040648066199223,3.959208158368326,404.8484848484849,-21.147865918795993,569.482426779252,1.6286111270418302,0.9304703476482618,9.294611809127886,27939667.024355873,moderate_bot
242,gh9s7753br49h4c8g669fucshp,1.4424498396472778,0.6131854397750351,1219.4968152866243,17.591131850138293,4154.228780493375,0.020470693534999286,0.9628670120898101,0.06002508482125721,0.6307483627324442,human
243,gn2klnvoilbfoihm2s1juh2ij2,1.4714487107751928,2.801519468186135,6382.3050847457625,-44.25062094819827,3333.9412266470235,0.0642759347875612,0.9331896551724138,1.1580513440907687,14635398.511737475,human
244,gq715ms79515gcq39vf91mli6t,1.4670024096715932,0.5342942345924453,1084.2790697674418,-105.58674737411641,4188.308286399884,0.06111105285408759,0.9238095238095239,0.084952718694784,0.5356188625559527,human
245,grbvlqd7u4foh99hguga49f0fg,0.24662928418443852,3.9456738086875074,416.99109792284867,-20.188731594542737,569.1929155990741,0.5971175742584259,0.9342175066312998,12.976505012278444,10883634.56521032,moderate_bot
246,gt6ccjle54o9oqntbbt3vci5pa,0.8142386677632987,1.2525667351129364,18945.508196721312,-252.85747992745172,4337.595147427686,0.002266474256388943,0.8023450586264657,1.1762054635409334,46932502.61468295,human
247,h2jo3uq1om8vp81nopaa17kegu,0.5164618636176402,0.27703571781933317,2211.3571428571427,-125.26167223581936,3005.222470302111,0.05902437299804999,0.903378523778782,0.2321012744234544,9091938.752004076,advanced_bot
248,h2jq34f4g7icu2s7h4lgd6btj3,0.5131092825618776,0.18091034083508215,1795.12,-124.09804206055473,2874.3493310929252,0.02488496322641342,0.9060861274431908,0.22898209865912209,6823010.045080296,advanced_bot
249,h6kek9u7g8sjqhdu2jr9fg6s5h,1.1195315198528732,1.9023938938360125,1684.7386018237082,-123.08399939700567,3884.4185161899672,0.07651933005035687,0.9036796536796536,0.5788606409171884,4170693.2632599957,human
250,h9gaeo351pqnmpu055ot9s5mtd,0.3031137309592127,3.9525691699604746,1134.2,1.1214599140706412,829.8210408360255,0.28172870878521855,0.986784140969163,55.0877020730536,1.7097331873451276,moderate_bot
251,hctlni7i4rclegm7bs6afhs16h,0.24755691171428718,3.9439684482524138,415.8448275862069,-18.341040741382756,549.1148829406591,-0.03865319906403299,0.906590084643289,13.592104295039853,12671111.269304508,moderate_bot
252,he1pltpfa23hqun31ciub3ksmo,0.5033856595435494,0.22090059473237042,1347.8461538461538,-95.39473210341725,2772.2461219718634,0.0731301220520582,0.925417439703154,0.2584236048020448,16008613.02471068,advanced_bot
253,heooocaj90nj4usab96vr0t8bo,0.16090393672520573,3.9058748199135587,448.0983606557377,-0.6498593602960404,449.98958437268425,-0.14661940180192654,0.9887873754152824,25.08264452421628,0.07880445102730621,moderate_bot
254,hq306mp6dvnclg7plqla9a8oe1,0.5097880397343112,0.3292021688613478,1423.4705882352941,-78.2199339165421,2696.026696289343,0.07638923480291723,0.9046610169491526,0.256082762282908,18382226.85636453,advanced_bot
255,hr9t5fv365o0t7f26ilhe2rc8j,0.2963707403092324,3.9037309995393827,417.03244837758115,-28.028778234106678,542.8641716412127,-0.07872302235307992,0.8916472717869149,9.191614726686304,10760613.200438198,moderate_bot
256,hrbko2t4t14q3pahqltndlolb5,1.4457366353590806,0.4514934012502894,1212.7051282051282,-96.93666505458361,4124.449706773864,0.003758856069981818,0.9388111888111889,0.11863377360324964,0.45107865276509873,human
257,htodnmm7tjpihgeuqk64c0gjes,0.49607990939495583,0.23364485981308414,1273.9473684210527,-26.77578409197199,1172.2779098107274,-0.7922328378694617,0.9897058823529412,0.2350509545967102,1.2867532735485487,advanced_bot
258,hujnm9166tof0hmoeid55a996n,1.3153871262305699,0.36383481899217757,818.68125,-154.88183404629558,4501.174084349732,0.07522246812753675,0.9064089521871821,0.02321698021418104,0.20183173641386898,human
259,i2q4kdikj02dm9lvavtkaestg2,0.5227665530971635,0.30935808197989173,2142.5625,-102.08273682615237,2879.2885558523712,0.09374744929213435,0.8994553833263511,0.2471265495100037,18477185.761361282,advanced_bot
260,i48q4ssfv5tk615amqb3ikphql,0.2630968203101794,4.076950229438758,390.5281385281385,-10.868501601817147,660.9275334198251,0.4234180500111556,0.955962587685113,23.82179178108133,16558408.06735746,moderate_bot
261,i49goovgc8d214dbipv8o6504l,1.240000381981415,0.4258763902576376,891.9545454545455,-237.0294125352617,4508.662342884539,0.06245310626314572,0.8845671267252195,0.02420621961627533,0.2660183484005986,human
262,i4bgdstv07o3mdh655ohgqssin,0.3851092966665864,3.9937597503900157,406.953125,-14.203731974346947,621.693549911423,0.9782904324875691,0.9082633053221288,14.013062826059514,29263315.06280862,moderate_bot
263,i54vr6i7vikgq6kp7o8prcchip,0.3187457705606711,3.8497217068645644,434.28915662650604,-30.46618301122963,643.7770379226313,0.24245072578921925,0.9320288362512873,13.694966201483863,41877444.547900915,moderate_bot
264,i56202ejgd4kmohsll917rfkpd,0.2669968111179792,3.9599774520856825,412.5836298932384,-17.13868468774584,586.2698325493793,0.5048465304954757,0.9326556543837357,15.483540153193461,13182194.973233413,moderate_bot
265,i6io829o6v8o8r5bo6tgoc903p,1.4821019434525182,3.5233751425313566,7937.766990291262,-171.2169031696248,3453.6809998408316,0.07523005710614673,0.799575821845175,1.3885753380107584,6358835.718505878,human
266,ia9s4av1gau9r2e17bi4kdpr2m,0.3885105470362499,4.157667386609071,403.012987012987,-46.21751939830893,847.7397600796351,-0.5467355397316322,0.968271954674221,23.6086368522478,24169275.206326753,moderate_bot
267,iae9nd0n4lmdfntp4ib72dt4fh,0.5085721435867943,0.9007633587786259,2426.3050847457625,14.439379168213296,1174.931192504702,0.24551407415596394,1.0406661502711076,0.26056659819276085,1.9094342043756818,advanced_bot
268,ibf972u5q4vlvvev54goetuber,1.4038096801210673,5.1049814738575545,6197.137096774193,-207.01068921054951,3266.2895281390497,0.15228445083639655,0.7317073170731707,0.5812491569954616,14514503.517081194,human
269,icjl2m9q6satjga38pfqqnmjl8,0.5082254890903994,0.9384487993375656,2455.529411764706,-12.024559559687942,1263.5940800307242,-0.28336855113308707,0.9879275653923542,0.3046503393094885,2.273341036645758,advanced_bot
270,if6sd7i56fpr2k4fcu22hcpjin,0.5128560678789735,0.27941176470588236,946.8421052631579,-121.29704632691613,2758.5716531660028,0.005854853981714569,0.8936238385132971,0.2127113996854203,13696410.89288486,advanced_bot
271,igbeqcjnbst8afmoi4sg6tn669,1.3112553687826771,0.5248149496420338,913.3468208092486,-119.02892555934288,4407.907073668256,0.0161877808309703,0.9252793296089385,0.04497376249140692,0.28394824278384967,human
272,ii4dosupqt4958ru71845a0hso,0.32245636793508153,3.9719626168224296,419.65808823529414,-44.016164563736986,714.1707174436497,0.40459216856493097,0.8987341772151899,14.916476343983048,13233246.207982795,moderate_bot
273,ikchggsmhgkjur8n2t4f0c75uh,1.5887412334343205,2.7162977867203217,10517.358024691359,-184.4929178616925,3222.070048009134,-0.010018822198732874,0.8838421444527178,1.892789099934842,23491908.442806154,human
274,ikrmivc56op6locohdc2shs3v3,0.5411060832040694,0.26737967914438504,1175.764705882353,-190.19858660013168,3112.993953125445,0.015558665139631887,0.8771990341497068,0.2575711054450262,14733675.482734261,advanced_bot
275,imgld2d8lq8ugjvfur481ofr2n,0.5137853099700642,0.6386684730017418,1312.4545454545455,-36.76369490650479,1592.2859018515455,-0.1491436848392256,0.9658399625643426,0.2527105378159581,1.0241757993702103,advanced_bot
276,iugft3rvfcldeefq4dfbl6vko6,0.256118779158995,3.967396641461259,415.9975247524753,-22.474272083049886,604.0865510284561,0.07592824883258283,0.9332901554404145,15.230928187335696,9114952.835096542,moderate_bot
277,j09afvs25gdij4vebr11kt9gpr,0.5194626116532899,1.471836965751486,2057.5576923076924,2.3368555520837377,1179.651456269627,-0.0069614704180489565,1.0021337126600285,0.3315861709320988,2.9918788225977657,advanced_bot
278,j305v6gg71vcjp9cjdgf7bvnnq,0.23787512225854365,3.949769239025437,410.30434782608694,-14.888557812572719,563.3980981685946,0.67832560093102,0.9266166141922983,13.237837639292833,10092123.612634635,moderate_bot
279,j5q0rc8234mif6jlcbff7tmhsk,0.30431352987830634,3.964047015441346,416.4912790697674,-26.205731327034893,616.8808709067729,-0.47061215000179674,0.9323597232897771,16.01935936316745,10651138.731161544,moderate_bot
280,j732r4nonn5d5q37e9u2g9hr11,0.5046678604045701,0.6532897806812878,2129.1190476190477,-17.855855272011954,1272.997200798674,-0.30622219909951276,0.9939531368102796,0.3153346896592971,1.4611130510282084,advanced_bot
281,j8e0t5t4nnr92fupp8rh18ihkq,1.2724041384893656,5.070754716981132,7558.761627906977,-150.78129039289658,3618.861165321277,-0.02262341078602825,1.0063846767757383,1.3952259895854942,15613699.969829189,human
282,jdvmnfhtlr1rrga9g4148mr16s,0.5049546218328208,0.2789400278940028,4506.0,-94.55964161948985,2732.9013347561145,0.08759546149310038,0.9034062023385867,0.2769513427156792,22019607.300185096,advanced_bot
283,jepk2lqaj5t5jitmkmpdjqbcsq,0.5173089907293269,0.15885022692889564,1069.7619047619048,-113.69355020318616,2699.9592594699566,0.024006061864288084,0.9015189450842931,0.23487897114555217,7194986.617147004,advanced_bot
284,jf8u319v8fe7pqp2vflu4nlj40,0.24001624629373813,3.9904643449419566,414.2207792207792,-20.11027494017234,584.2962395620127,0.8256823005663774,0.9102209944751382,12.824220537884337,9548838.184947796,moderate_bot
285,jfmilo33fin84baeh3k6bcnh3v,0.3236347887518823,3.6379385015158077,1951.345238095238,-3.6614911560589247,675.374566838248,0.18470614797747895,0.9924160346695557,15.256793470751617,3.693854866881914,moderate_bot
286,jgud4pu6klbeel0e9nn551i9ib,0.5262323752410593,0.22078101283289636,1009.21875,-137.89762992635048,3158.7495714338565,0.08262229389490028,0.8929856115107914,0.2255451204007258,6361203.105050937,advanced_bot
287,jh9bs45mauu7v1mfl3et8i77hk,0.5085809785333432,0.21637626693998405,2145.8947368421054,-89.49912396385965,2572.9821015006314,0.009808416939160531,0.9377372817008353,0.23546740752776849,10913662.794223778,advanced_bot
288,jpbeofacs0492d9vi9r726urr7,0.26890420761030415,3.889749653429014,415.17610062893084,-23.3104060057071,538.5182609821297,0.9659702143802489,0.8984461709211987,9.162677376118507,7724273.266545143,moderate_bot
289,jq81oksgh36g25rlv3rmulr6ve,0.26234254629725445,3.9170746952807587,418.1010638297872,-16.757381201472217,564.9723483576965,1.1017712454516846,0.9275805313896074,11.902226969670625,9727084.393365474,moderate_bot
290,jql33afvhnt7790b17tvvcn87d,0.5088640340322513,0.13942425982120887,1027.1764705882354,-91.00563192167849,2692.412210344069,0.04388387658826161,0.9174279061436503,0.2190436973776933,7706630.164660832,advanced_bot
291,js47oan5tk8j0resvhl9qer7lj,0.39948136917595445,3.90521327014218,418.70388349514565,-18.23289206369398,546.3869166125365,-0.8933978993143477,0.9176570458404074,10.480557039939983,17613511.751140602,moderate_bot
292,jv0ep8f81ek5v6ofijqjn3cf3h,0.3365591890486046,3.9078291335399546,426.44827586206895,-27.467990183305147,523.5411524134627,-0.4227498606456693,0.9152854511970534,8.726959648279967,12282513.095873963,moderate_bot
293,k00lp4ik0epelb6b63mbdev8a2,0.501711994917557,0.19841269841269843,1207.4166666666667,-150.12830197098853,2861.8694473298888,0.11915749873636858,0.8811563169164882,0.21713902842984645,15790922.969312908,advanced_bot
294,k0371k7nj5dqmfg9fllmll59sn,0.5407017039159859,3.0633083730428865,1771.7333333333333,-21.11514876392733,1182.7331414326022,-0.5561718596055847,1.0321428571428573,0.5308597015488451,3.8256049202880957,advanced_bot
295,k3p6gqomoabnp2k5malilpec9e,0.5159891873018381,0.15300267754685706,919.7916666666666,-109.33788385198602,2778.466663363773,0.05564811294749924,0.9161026508742245,0.2325209662901446,6030906.277384104,advanced_bot
296,k5pg7u2907cb9nk61dd8i15fm2,1.2792925203323682,0.4043767840152236,818.7745098039215,-72.94376259964507,4461.136753964503,0.05133162385611727,0.8946459412780656,0.06342593657547382,0.3027095438071679,human
297,k6e6fem4qek1jn58vujbrinfge,0.29445410714702186,3.887748117727584,421.61619718309856,-22.330564918783516,519.8764626588498,-0.5320599902291608,0.9195007800312013,9.954303956230863,12814068.362129083,moderate_bot
298,kaodsjbnqm7umgfvao63d3rihb,1.3505873881127333,0.5140222239020334,1155.5,-187.47726968368673,4325.795824894685,0.0526157770560167,0.9040299127544661,0.038287690295607135,0.4901381431025602,human
299,kd4h7t2e50hpl0uv1pdbcsoe4n,0.27208049525461386,3.8768529076396807,1391.9779411764705,-8.164606604318573,626.3504050052426,-0.12371335939252975,0.9879089615931721,30.040316704542267,2.2939758217875577,moderate_bot
300,koftcfkosigp4f2ibgfi0dm0co,1.4546053648481878,1.5581314072693382,1835.8859813084111,-43.013837324598164,3331.6678701459136,0.021151330680632366,0.9522103555495471,1.1701451880739144,1986703.8866781155,human
301,kpedbnklnbmle61jm27kmfnkoh,1.3770174553969856,0.4760428659994686,858.1116279069768,-53.014453120462264,4320.275636153531,0.06557755910585343,0.9470616804273919,0.03143335727463843,0.2327881948462575,human
302,l281lufhl0p948rr5o7mq7rhoi,0.2503738630653628,4.057744830277019,1056.4615384615386,-5.991316937538522,614.3052648612303,-0.11448619384614639,0.9951923076923077,36.46151135054361,1.685416715535643,moderate_bot
303,l2gcmv2s4ov9p8n79g9034jf2j,0.2994196546084947,4.071178215152332,403.61920529801324,-35.36800052547227,641.1584536604413,-0.029717855427377437,0.884155237817333,13.220613233666125,12565428.62573644,moderate_bot
304,lbpk1okd4btot9vqfjpsv2vl9n,0.19004915964029984,3.889585947302384,416.10967741935485,0.038515269777093235,567.6593675630435,-0.07539452013710997,0.9663461538461539,41.89688734184955,0.0,moderate_bot
305,lgm2m88i22v3fuljrkfdpp3h12,0.5042114344779494,0.16750418760469013,1007.6666666666666,-92.73313248651881,2663.765638352849,0.06395015721037171,0.9390547263681592,0.22309541273255448,8741896.740704251,advanced_bot
306,lu2vabqtd7mhjirluaij1a6qcg,0.5083863233197521,0.9721985331741428,2036.4736842105262,-3.2667557556949465,1161.5185437654216,-0.12846191625589934,0.9962515618492295,0.26951696388669194,1.9392422939948422,advanced_bot
307,lukkp458sudl46nko5815kgut2,0.517478304552838,0.20882639565641098,1015.7333333333333,-137.00978373164838,2887.502822331856,-0.01053934466738973,0.905140758873929,0.22279667766040986,12991635.700618032,advanced_bot
308,m01ltdunc7d4tjuh0r8opr8c3k,0.5207565749177187,0.9693053311793215,1910.4666666666667,-6.368685105703642,1245.4937865562958,-0.002722424298004127,0.9949357226334242,0.2743008181016513,2.4455380640683293,advanced_bot
309,m1e1mgb7hbmqovglk2rp4f7en9,0.22764968421963241,4.065661385760642,731.0046948356808,-0.4939003924302769,642.8443941005642,0.20237379081017084,1.019724770642202,44.45558617499166,0.8347470618293306,moderate_bot
310,m1rt858554qvald7e7pmrm1d8b,1.4508833322878163,3.3649052841475577,15018.711111111112,51.082692815457904,3632.0125763404367,0.12351671204404793,0.8846153846153846,1.2432024705533606,15166451.229875723,human
311,m53jq0p03vjq9ggef5fqamii89,0.5175889230695995,1.3189448441247003,2100.8863636363635,7.042359453911493,1176.979950517656,0.2976526833239296,1.0037678975131876,0.31818301780741476,2.015455430645304,advanced_bot
312,m69n9tg4qgmjvgi32kfqrvc7fe,0.5134517441015396,0.2174822250104559,1356.7307692307693,-142.7891269825026,2883.845033607992,0.04348103197702718,0.8996507994853887,0.2308644488396441,7936469.407892982,advanced_bot
313,m7cd9aev6os2phk0sdkse238l5,0.4418962904423011,3.84829894032348,432.71014492753625,-18.933734140557032,672.5508117796395,2.315267760481769,0.8798543689320388,14.22381532874491,51719695.99410666,moderate_bot
314,m8fe1qtn358dg2b1b6fingti39,0.4708357580682628,3.8964815353300377,421.32089552238807,-49.2358113054464,750.7353598887806,0.10689656767750681,0.8925925925925926,14.692463561828601,26207144.149785414,moderate_bot
315,mc9vvj20cc427d1vhl9aah593q,0.5014888381226047,0.6683915480810694,2637.2258064516127,13.011515789639077,1177.2037633866296,0.26775015242451156,1.043708609271523,0.2503480558581038,1.7689657841771171,advanced_bot
316,md58k6ejokrtefaghth7v1ghtu,0.5241707676191437,0.1798708200474205,2391.818181818182,-145.17558449923354,2997.1779075655386,0.02641753694152029,0.9038530146271851,0.21031947510496446,7654399.210324382,advanced_bot
317,mdeo4lt99fosg4pudmlamcf4ng,0.5162198839550375,0.25401433366597115,1653.75,-149.7373068289215,3015.4997286155426,0.03661136606620128,0.908710384692047,0.25137804235578354,8405120.931293635,advanced_bot
318,mgr9t6dlg6ldke41383v0fhq3q,0.348160496527135,3.9461202807816353,403.7307692307692,-21.155922597776062,608.4708945630031,0.16975309675091715,0.9289297658862876,16.25977263194337,17779450.66269969,moderate_bot
319,mk7jdh4qi5dkquenuvef8qk855,0.4973318318204224,0.4844961240310077,2557.45,-1.5079585629170487,1193.1558735095841,-0.01285567134410558,1.0190951821386605,0.25428361846195136,1.7488489953246011,advanced_bot
320,ml4tnn1lkctli3fofonrj629qm,1.2596362595636683,0.4186236471308965,869.5243902439024,-128.93591563048088,4519.206705117562,0.05657860396641303,0.9301310043668122,0.023219921227740595,0.2690900306871964,human
321,ml6u6ltsq0vhdsiqcbqnpbkh5k,1.3398795763700213,3.006872852233677,1752.857142857143,-299.7630438592559,3507.421937614311,-0.004540911440292437,0.834,0.7187818854233491,59437491.132753514,human
322,mld2vskicvoo3bvkk0fnjtuv7u,0.5070236045155344,0.8040500297796308,1831.648148148148,-8.415381991581288,1177.6526316343836,-0.2957694771882528,1.0064935064935066,0.2516777965342272,2.024012730925837,advanced_bot
323,mlrcehe439iiene6e485tni66i,1.2238235049696764,0.4087054255645243,942.19375,-175.57403676460322,4497.6658371171425,0.0799497701939493,0.8922518159806295,0.038255112056764545,0.27051533259320526,human
324,mpq0pfpkc127m4bti2cp71cqgg,0.27179526833645806,3.957178359778245,411.06280193236717,-17.430581352368367,503.8013606660776,-0.21791171612313137,0.8990158322635858,11.11842719679599,17976069.214201767,moderate_bot
325,ms3cf5h8obah9v5aqutt372t1h,0.35452808197076235,3.9863624442696035,403.875,-20.20173987390885,554.9824232462746,-0.5213371119473278,0.9169104739613809,14.12706517336388,24731282.125319537,moderate_bot
326,mu18kf0qp9tuogrbrqj76n5i73,0.5048943813138558,0.20540540540540542,994.7368421052631,-103.20170801768904,2695.382993269619,-0.030783505558854705,0.9305622296972609,0.20837519205062416,10128466.597100206,advanced_bot
327,n3iph75f9dp0vk52lig8nk3n1c,0.5143806937219385,0.22514599310490396,2464.3125,-92.91138289076696,2752.4351392618655,0.004197249192793422,0.9324536600691172,0.2349657932729708,6519233.78788949,advanced_bot
328,n4sa8kulckaa6rohru1vnq336n,1.1568189553886488,2.772197669746886,2667.086956521739,-285.62799152773505,3858.829224314248,-0.0022517730078794353,0.8663265306122448,0.5516563455884416,26035959.78733545,human
329,nb8go732bndmpst34i2vb63ddt,0.307270156606124,3.971812940422806,412.13709677419354,-19.900996995111377,573.9245308750061,0.041548792942191416,0.9238457877201333,13.394389769098183,9989860.848323308,moderate_bot
330,nkoa2dl20gbqn2vrse8rol2vr6,1.0656514436819795,0.24592130518234165,613.3780487804878,-222.8009479614402,4881.243077993205,0.045069366024047236,0.9047981721249048,0.02442216844634697,0.06875385473875885,human
331,nojpme777coksiq64cb8142cij,0.2501869208940732,3.948234261899539,411.68055555555554,-28.371035383704296,604.4210887953535,0.8362809863194857,0.8971579961464354,11.50843188815747,10264079.547824476,moderate_bot
332,ntq39vmdijl66047lvvr8qeuh8,0.20118446312252958,3.9102099927588703,723.7345679012345,-0.8557036144607263,498.7728518217008,0.5609535890065889,0.9855527638190955,24.61140892769651,0.7502272891261996,moderate_bot
333,nvmlnfhs5v6hehsd81e9mf75cn,1.3736622425716027,0.41952317609741124,890.2073170731708,-84.29014241610786,4400.15988100779,0.020443025844757934,0.9481157837247406,0.03738049497383199,0.3324365074349275,human
334,o6uujmtvvdkacotcvuq6726pmi,0.3957051180644993,3.856312731114633,386.0068493150685,-19.381520613304488,697.6056989488208,1.2258430596382177,0.9252443933294997,16.54063953153609,24618686.29528627,moderate_bot
335,oefj652iolkub646m3bu8p1fq1,0.23514412923194275,3.682503339057432,407.7046632124352,-26.91839403628412,551.4956108329502,-0.43933200334725137,0.8956372968349017,6.042698616067129,17607525.601594105,moderate_bot
336,of88tio3m86e4l7568su0i4ui5,1.5291183852513408,3.285024154589372,6857.860294117647,-138.02440101486343,3360.8754050919683,0.0613761578482092,0.8907947398513436,1.370447520218033,15223045.833475515,human
337,off3tpqvmr2v6sndat4d5v6p28,0.5229138871327302,0.29642545771578027,1001.8235294117648,-109.79776984972597,2935.594255889833,0.09555379934044314,0.8969306555513452,0.24129969086786068,16152229.7908759,advanced_bot
338,ognvhdn35j9b11cnclf6ej5gsj,1.1620502935926902,0.3201368523949169,1042.4885496183206,-97.23909393503304,4742.004035025598,0.055780034486704926,0.9232132309509746,0.030912251129545272,0.31951860056178494,human
339,oofgc9mb4le54lelfes0lkg7pa,0.3064604061751651,3.9056251666222344,415.0443686006826,-22.679865099699995,565.7497262256429,0.4755356064527124,0.8898730439917331,10.846451497377581,12505937.597660782,moderate_bot
340,ooi399crjvu4fv4q02i1gk2pld,0.28975048790010965,3.9456233421750664,414.01680672268907,-20.494220179705653,555.043042020198,0.3485318570074262,0.913639733135656,10.662444805637104,15551015.269412141,moderate_bot
341,oq11t11ns4t2gj9cdnl10da80s,1.4373328943482673,2.409058058299205,10158.19,-284.17098200245795,3180.986827678577,0.021501139997630144,0.8273615635179153,1.0109839278805053,15812748.41894933,human
342,os9be9s5er1ud8569gm26htp0j,0.2632952682945492,4.034037188780334,1184.4921875,-5.489021409464799,618.4370926735971,0.17445260234971768,0.9709677419354839,26.287793597926733,1.8980476412891172,moderate_bot
343,p5keafiscisucgq2tut00s0s7l,1.41181831905568,3.6609629924393157,8305.271739130434,-270.49853576183483,3816.675580389104,0.07087751363743364,0.7947761194029851,0.8133141869328947,23073066.667092882,human
344,p7g6ccuqqfum0pbfk5q82nhnam,1.26078038342096,5.293613373339049,5275.008097165992,-247.77669923612297,3648.0911912534534,-0.05918267340298497,1.0366366366366366,1.1577342350521762,11703892.09967367,human
345,p9rb949jj3aci28mne75opl41i,1.2528101461121324,0.3832430289414563,859.9137931034483,-117.68238366255773,4557.716485529618,0.044579885489633875,0.9324324324324325,0.047832856911452504,0.2632140467622647,human
346,pbml0l0h4revrv7buomn2r48pi,0.5153998865853859,0.16825164594001465,2408.608695652174,-89.07188963481798,2855.7955957637478,0.07690830200694929,0.918088187962665,0.21714060686022096,6855279.80579412,advanced_bot
347,pf7tnis955pq27n6sibk32d87k,0.5215108888002062,1.1198395453785726,2120.2985074626868,-13.317752919869875,1184.526404993734,-0.47916979530007586,0.9590525893215576,0.2557874259129541,2.2492642847267486,advanced_bot
348,pfp1r64gufu52bgl6cddpio0a2,0.23487890200382977,4.043429427180831,393.47222222222223,-7.986163811351362,611.4714162572993,0.7784440881742278,0.9465488215488216,17.594730990755323,17681382.79087306,moderate_bot
349,pgnhcqhsrjq593qi64f3e1mdju,0.31972873652587736,3.997434801197093,407.19786096256684,-17.742619629033477,656.4564628387532,0.5152045401876283,0.9436160298229264,20.979522023196058,19948080.32971469,moderate_bot
350,plqae11g5bqqbslgcol5optt17,0.23519466089704055,3.941522144188047,415.73454545454547,-19.26516499901468,564.8664262381463,0.06972633571177407,0.9255455712451861,13.56601511918356,13272178.816172885,moderate_bot
351,pmb5bepkpun1v95n8rveof9ee0,0.5066618701718466,0.6300452845048238,2203.265625,-1.1000906864249258,1175.649252135431,-0.04266198978303079,1.022400779157536,0.24992442124238295,2.0615570625032853,advanced_bot
352,pu045tt0313p6t1k6g78ggjop3,0.5053261348020643,0.24475524475524474,1056.5714285714287,-81.62558670038015,2722.796966982307,0.040927138681449315,0.929352068696331,0.21336163326616978,16584398.908847766,advanced_bot
353,pu2qjl34067dmgmfehqhsdo88h,0.5044754692009575,0.2334152334152334,924.7894736842105,-106.21954346452245,2684.0421297368357,0.02403280013768963,0.9260869565217391,0.19640542504752423,11429303.987588601,advanced_bot
354,pv89k1oprp9a4c01v0u2po4sab,0.3002417464698324,3.927863280143518,415.75240384615387,-21.699704505377202,538.3944066268463,0.4035680645162053,0.9032120825356307,9.259484523408611,8782723.262240306,moderate_bot
355,pvkqfvdopap7c1e9hrdeakkq8u,0.4930688660047849,0.37259959873889364,2633.3076923076924,3.6818297106994073,1132.199733826613,-0.035830596050694594,1.0045217391304349,0.24737736405100366,1.5015438602526943,advanced_bot
356,q7784rh4612si6454op6l8u8vq,1.3573975149861297,0.4324485535341485,734.5301724137931,-100.67909471710425,4456.71108620322,0.02181581917845251,0.9404001702852277,0.021855016752119785,0.2219418280511528,human
357,q7cncf2c9icjrtpuhsf896j3u7,0.5093689045431806,0.341296928327645,1092.7142857142858,-146.21949723145482,2829.131341893197,-0.005970303856266381,0.902072909220872,0.22501818468107848,15166682.625063745,advanced_bot
358,q80o426gl01opbf2ve05c36c4u,0.4911517427388974,0.30477849134646784,1582.9285714285713,-11.625161252146436,1306.9487845581634,0.03631999194048792,0.9900679560899112,0.25581118780759426,0.925413130861992,advanced_bot
359,q8ljo3ek8k2ll6p1h4n2a6ephn,0.5179809613015347,0.14824227022448117,1183.357142857143,-147.1160184109299,3043.1893887672777,0.00314354769562795,0.8841814413999539,0.2267054948042103,9879794.404911598,advanced_bot
360,q9ebqjoa4ni6shhp702u8eg2v2,0.6370198450709447,0.5392962841170668,7234.768292682927,-157.64623220007059,2570.666768983844,-0.33189202807109675,0.8637362637362638,3.8328759607584337,34954453.53494335,human
361,qb9nte3m02m5iennt4e7mg7caf,0.7583599229418128,3.900871959614502,1609.9117647058824,-9.253752069379026,668.8870600288982,0.18871899770953368,0.9868421052631579,20.52137862055566,2.8885574348230265,moderate_bot
362,qce4mdhafthbeeljaia46hie8o,0.512493964050906,0.16946943032199194,2627.769230769231,-151.03025975747227,3079.72418900019,0.044037334385482484,0.9100544256659983,0.22872921388909467,12257951.474488044,advanced_bot
363,qd5flhhi6gq7bf2qvjj8jkc2fo,0.4467951446908703,4.244604316546763,391.10169491525426,-25.108561344038456,773.6897272229785,0.5019482010122063,0.9300911854103343,19.720731127968833,64160440.98453917,moderate_bot
364,qe370ks533bvqh8n9ra33968bn,0.25742234126370117,4.082491582491582,968.7422680412371,-0.8430387420988416,678.3448951392111,0.2550586208377385,0.9887237314197848,43.002476742802166,1.3947813752084215,moderate_bot
365,qekb8l6o5qq9214i0vlpi5cmti,0.29530602777611337,3.9645447219983887,427.4146341463415,-26.938205534186473,613.2405511932745,0.6684851198229996,0.918783542039356,11.470333082003258,14502831.035579797,moderate_bot
366,qg5jilensjo45f7koo4cvrouqn,0.20853037700772373,4.0230655759688885,522.81,0.3371438165082306,594.6019800747633,0.08743649565281938,0.978539397821909,39.57751224186122,0.26310878169786234,moderate_bot
367,qin480b2uihek2qocc135j70fs,0.3093774328780145,3.9963110974485088,416.0153846153846,-18.79231618341874,654.085221607464,1.5165452191260833,0.9350253807106599,17.486212163428917,14250854.085913306,moderate_bot
368,qqvn22bkui88d086v1pnp37cus,0.49603056874040913,0.441940117114131,1854.525,1.841110637048451,1193.3426823511725,0.08728823269744752,1.0149532710280373,0.2352245483961086,1.3390310971188955,advanced_bot
369,qv00vt6spg157dg8ro7cbt2p43,0.5132126100711792,0.17623008600028195,2359.76,-151.86462242385198,2951.7112146596623,0.044547769489319544,0.8892802450229709,0.22030885264301922,6669103.301617029,advanced_bot
370,r0e98rtqr6192k5b8gl4ndlmha,1.3203903073420191,0.35755983654407475,783.6632653061224,-101.1456326006474,4479.237122915927,-0.022098445073211532,0.9541284403669725,0.06619562748137635,0.21805521950694948,human
371,r4qbc8d0f23m1oi2jeplnl7k3q,0.20648408326916493,4.024839006439743,562.1085714285714,-1.5775195132129578,524.6007096704757,0.06022467084719251,1.009478672985782,28.373205260774675,0.4013142646798184,moderate_bot
372,rdrkop6n2o5qgtbpm4o4as05mu,0.2615030106904568,3.8422649140546006,1194.3684210526317,-4.53519030743364,600.133739847429,0.025121420131889095,0.9935400516795866,27.620837445459426,1.830188679245283,moderate_bot
373,rfvugmk87jtlaiilouut5sdm32,1.3204541264624243,0.4726448688896083,913.4417808219179,-182.16730803670512,4361.867669786466,0.055480556389175054,0.8948312993539124,0.018984890020582262,0.27036402627355244,human
374,rg3bmjunhcksnch3utt3ruedvi,0.38385313895170325,3.95749358739465,401.6203703703704,-43.992393933762955,719.2576932490038,0.08053031921314338,0.9092319627618308,16.46860956352624,33709044.24022417,moderate_bot
375,rgt513e3eh2uoq34fvpvo50pf6,0.23484776141617233,3.91677897574124,421.0494623655914,-23.485495213156764,521.1948357228895,0.006185991203124067,0.8875070661390616,8.499208840583936,7860988.741488008,moderate_bot
376,rh5fn2njcglhb2avkv30id017u,1.3260312323047159,3.2231742146062827,5772.474683544304,-151.52226827283346,3464.845233233241,0.03779965373601775,0.8730512249443207,0.7895330477659842,12849956.932745216,human
377,rr07fpg8dl1ha6d8g8c99pd4kk,0.2548653368352459,3.9559014267185475,410.75409836065575,-21.136770124351077,688.1802801983691,0.08752955328955567,0.9800711743772242,23.780312401658275,29756721.095013987,moderate_bot
378,rs3pm69ahuvtr55nh39d8t9m0q,0.5115959155632939,0.26015609365619374,903.3076923076923,-98.37596127775812,2574.708087717794,0.05225819715680294,0.9089512944273804,0.23016548182408703,9424330.350759933,advanced_bot
379,rtp18qghc0uf5qimp6rfthq3jl,0.41111362668108914,3.876251137397634,421.4976525821596,-29.92706361268662,642.3624095803737,-0.6305006665294075,0.9413919413919414,15.511759021579635,16765141.91125749,moderate_bot
380,rub9gsleatju654rbt8qfihpjo,0.3142438516392447,4.055258467023172,398.24175824175825,-15.64777060824458,702.3336249031838,0.87148469843325,0.941747572815534,25.649916804682192,41755498.804820344,moderate_bot
381,s1ebp3qssmm2tkn9pnp66tjom1,1.416436319961324,3.2310033115546406,2011.2493074792244,-65.93065333197393,3574.6851422325444,0.06856898666394144,0.9245322245322245,0.8986245668930483,5305130.145345956,human
382,s22ulplav9a7svordh7cc4olt7,0.6472912480470079,3.927492447129909,2291.78021978022,0.013042736372902798,772.7908892360946,0.5473650855384675,0.9192546583850931,28.236101769911286,4.377398451879681,moderate_bot
383,s558jfek7a33mgjkn9c8bkgjeb,0.49664749786704987,0.2042711234911792,2927.181818181818,-91.15493520289726,2566.4631154717445,0.0697670952151316,0.9167506551098569,0.21446399012470072,8796337.494095609,advanced_bot
384,s74076j0vtua7ct0fkej7ehmt8,1.3833428776513068,0.4160216718266254,949.8430232558139,-123.88638460551351,4446.623056119392,0.009055245566365283,0.9097826086956522,0.024274490353071953,0.2870221011836179,human
385,sbrmmsorp8ijmhg8ai8r6ri49n,0.42383959987469916,3.9660056657223794,403.9166666666667,-46.74003123492294,795.1642203980226,0.6291741812985169,0.925281473899693,17.65887360559103,43491212.33826198,moderate_bot
386,scep2a1a2l1tjoc5dqlche5mqq,0.30063742408107336,3.831891223733004,1858.7096774193549,3.1481019908622976,638.2145685770412,0.23386044283304674,0.9904153354632588,27.526260432090762,3.37018381385558,moderate_bot
387,sd8qtd5qblkhbiq3el51h7p58q,0.3569319270059355,3.8618577747533176,787.0616740088105,-1.87568152762594,466.3085835630385,0.10480792390818708,0.9990774907749077,16.70878832549183,0.8678882663385566,moderate_bot
388,sdum2h47k57i17al0j3cuv6fhu,0.5626644969643931,3.8410596026490067,429.5344827586207,-28.981658561956117,765.2587355048547,0.8642433878094627,0.9161764705882353,16.016622713517208,60704566.064560026,moderate_bot
389,seh4sf3qbn4bj0c6bcnjnpc1gm,0.5090806957789277,0.1848856020337416,2063.4375,-142.06835258314464,2934.3274559668644,0.09987949393098515,0.8950495049504951,0.22696870299822341,10905436.98481659,advanced_bot
390,sfhla3ba8au3uncr3k687c8e55,1.1862649657869706,1.9572308807538963,6042.763888888889,-58.004241613212464,3652.809762363758,-0.02096034577491573,0.9689545934530095,0.9765812464995165,6675528.8161492385,human
391,sh4mk6br2rlo4al4edpaq3inoa,0.5257369604342972,0.23335789732252518,3838.7368421052633,-146.62754416636375,3289.1451874374507,0.06846257699124864,0.9217391304347826,0.23327331995940132,11498368.05552294,advanced_bot
392,si7usj6t28v0ftdul1j99j5g8t,0.2863989298581202,3.96600566572238,406.5,-20.960976513111124,640.6539350129332,0.5671186093583332,0.929726162982514,15.801726964071307,13766264.920711115,moderate_bot
393,sjr20ddno9sftolk2ofmqoskmf,0.2575687021582787,4.035639412997903,1137.9307359307359,0.6466501332085205,654.9113992670165,0.3855091238576577,0.9870801033591732,31.81507789889718,1.8204525077791256,moderate_bot
394,smjle8311adgengdcgqfh70ua0,0.6637554611527301,4.007398273736128,2426.0461538461536,-2.7778521648577046,895.0677032042495,0.3182961229160182,1.0148588410104011,33.89829811330684,5.248665258306127,moderate_bot
395,snh8o5pkj60d0kp1hjeqm1hu15,0.4861072836847404,3.790199081163859,408.26262626262627,-38.04155550375839,739.2610965855047,0.8055568449688406,0.8856181665264928,13.07702095115385,35520757.31893482,moderate_bot
396,sq6gghu3613fgq6t6h9bcr80ie,0.28089494721286135,3.6776997659645603,1728.8363636363636,-3.7431657957467017,620.5942913837177,0.36406900334923337,0.9876760563380281,19.176636296281124,2.942541232460819,moderate_bot
397,sqgp91m7bngarqqihg69v490e7,0.5043281679563005,0.21953896816684962,3461.6785714285716,-101.10618252049105,2684.1652400184475,0.03630773972875009,0.9113207547169812,0.21199244064196623,7420928.095007278,advanced_bot
398,ss0e28413uif2hd88q186t7tj8,1.2870241771587376,0.44903540542538256,1023.2263374485597,-86.8030891854679,4481.533088155131,0.035118344759016824,0.9427447552447552,0.013936613685321292,0.38470448264791607,human
399,stmp56sl899fs8ev99pk7nfuvv,0.5102624389768754,0.20607226267344414,1043.8,-93.10071017410074,2634.942081266223,0.0646891051286401,0.9131861575178998,0.2473348281324369,13077324.511000913,advanced_bot
400,stufhiktcb2o7spcg4sc1ufi82,0.4423531570752199,3.893672781729689,428.1826923076923,-38.1042557203306,609.1595350697567,-0.9866344739067369,0.8795081967213115,9.468620523208394,34170212.75168085,moderate_bot
401,surtd19ghcuqlnb15f3cgikoq6,0.5226016613701283,0.24918032786885247,1030.7368421052631,-100.31245627118125,2819.4809479253427,0.028899537505949396,0.9195469067673541,0.27714805044717294,12197067.48271829,advanced_bot
402,t1eo5hqdtq21m7t0gulu2henl0,1.2958881118290886,0.4537205081669691,808.4,-195.04959627909375,4410.127413430107,0.024569399138305626,0.8770053475935828,0.051131307131416816,0.21049533216637492,human
403,t6h2nm44688se8cf4c0934l6qb,0.3256829751202629,3.8461538461538463,412.84090909090907,-25.360655372032916,668.9885423301286,0.8079781498606382,0.924618320610687,15.34538713430735,20634186.449339602,moderate_bot
404,t7573jdbiaqinp6il8lj4cmq0o,0.5123871398193278,0.1718397594243368,3970.6875,-84.28709289228979,2658.6929725254167,0.08082362163699308,0.9460819554277499,0.23229051519935928,10175183.650356384,advanced_bot
405,t8f9bu34vogoj5kisdk61hp83n,0.20325698401578954,3.9687924016282223,406.4102564102564,1.3101025962579904,506.0346551044211,0.5235754061411766,1.010909090909091,21.674773128119845,0.0,moderate_bot
406,t9k1lcjubt6b04dv3uus8ili4j,0.5046775974826945,0.15614265192680032,1126.92,-81.81921133133379,2660.69694325909,0.046384436111487376,0.9375085839857162,0.21792973071364571,5910844.77289256,advanced_bot
407,tccmnubp332iu6jflr59suno5t,0.3013081032837193,3.9597082320250085,403.5701754385965,-14.003923711030309,553.0123070365755,0.3337332605476682,0.952572347266881,14.349428846602427,10938042.728605773,moderate_bot
408,tdm49rlqprtglqndl74j4cekj0,0.5131370790223191,0.6313131313131313,2029.5111111111112,-2.8866179098084648,1153.7503759490464,-0.03669454454122167,1.0146607569041937,0.2622867573833978,1.4462349670138033,advanced_bot
409,tes9ba915l9f7e3i12vdgj7bte,0.29020558786503,3.947368421052632,1389.7222222222222,-6.348461614417784,668.9860650607053,0.7671003088278168,0.983927323549965,26.299253460745106,2.4358415674351828,moderate_bot
410,tfqlrm6knitedm4alt4c0cuvr0,0.525094308927826,0.20692399522483088,1568.5384615384614,-113.34280406287066,2959.544069849449,0.06118239749759982,0.9050512063877799,0.23732086071217662,7404505.342064132,advanced_bot
411,tgjeh5ae9h3v4vmds3oemkq48n,0.3222301412441901,3.9991668402416165,848.9270833333334,-5.752339291953603,631.1706576857645,0.39172728563999076,0.9964788732394366,20.580949132579068,1.2761087628540786,moderate_bot
412,tl2je8q2l4malkodn4inhd4n5o,0.2535862914822122,3.9070567986230635,414.8105726872247,-33.521562966594445,578.3975132857187,-0.3264204899490665,0.8869402985074627,10.92851581803773,16210923.699159171,moderate_bot
413,tppc7d6niqt6vkt489cphu55dp,0.32822873875167285,3.9354473386183466,415.4136690647482,-33.19313904310458,629.7709176682138,0.06807198874543877,0.9082426127527217,13.970455592273636,13059352.509265961,moderate_bot
414,tr5fbeta11pirki760fvndcfmb,0.2774174874780124,3.92789884315308,1408.2397260273972,-6.859775032496494,696.1954252340319,0.07404658134444866,1.0148674854557207,43.46955718135539,2.4115526396985985,moderate_bot
415,trga4mrvjvogdgoi9vrqkmi92j,0.5054138751799356,0.5875922383164799,2270.953488372093,-2.888357488067693,1110.9036881884042,-0.15418961278015045,0.9966766367563975,0.236467906465176,1.8765805116752603,advanced_bot
416,ts4gvk541fole1uj2sd38kqpcm,0.3151307644507535,3.9141827710448736,396.54811715481173,-27.372362130558695,602.0957939125095,0.3705976982960338,0.8916397560100466,10.091580477002768,15339796.552786667,moderate_bot
417,u1t0tjb9v5dna5vbatsn8upbbo,0.27343490313753727,4.0,411.2695035460993,-20.89554641366074,535.9763193032851,-0.40958997016336396,0.8943348185868873,12.239805583560567,26341687.361583125,moderate_bot
418,u4hgvjvkej7fj006vikof3a2vb,0.5105591582398885,0.22313459478757586,1534.56,-78.24385868346418,2612.3106813244844,0.07948495455824306,0.9227602430895903,0.23493479322860814,8518674.094379054,advanced_bot
419,u5co8igfher6a7v5gvrg14nrcf,0.3551410888536103,4.083969465648855,391.32710280373834,-23.334254460271254,748.9037268349674,0.529474800806491,0.9520325203252032,20.740695195752327,35208488.634980485,moderate_bot
420,u6rj19l797n5lnvk6qlunbmp8a,1.2695496552262593,3.032069970845481,2403.9294871794873,-290.86612545719225,3838.870455439832,0.08475161781055458,0.8388173581306628,0.5176872152356666,12072924.924157113,human
421,u86k3ilcujog70qt5k0vvllhge,0.5103732683539232,0.1830570527814502,1022.9444444444445,-90.55021922841367,2662.62343671396,0.03374910969122271,0.9252083802658256,0.2448042164014633,9651384.801972345,advanced_bot
422,u89p7qigo3rvvgm0vgs06hk8sc,0.47202649175021455,4.092071611253197,449.875,1.974156652508733,642.1776061495129,0.8504798506173084,0.98438855160451,39.103236457574845,0.10295481369077727,moderate_bot
423,u8t6obfjabd8m1ee8fmpvphsc0,0.31497402229599464,3.983853983853984,405.6079295154185,-16.98617204459161,674.660076716241,1.1324247009872235,0.9450211457131872,17.7428842499089,16365711.489554886,moderate_bot
424,uahge8n75dd7aguqnt1bs0f8kd,0.5156694523855146,0.2622836160167862,998.6666666666666,-86.92508612433859,2839.216131258483,0.02224530953922407,0.943097379741885,0.23758956226354233,8211809.93407543,advanced_bot
425,ucc610tt08foih9ed0u0hl2urh,0.5031528394836482,0.18997515709484142,1114.423076923077,-107.3632965092207,2712.150855042386,-0.04701639209717809,0.9244920812669973,0.21727644788235836,6916749.807524011,advanced_bot
426,ufaj0lbcmqa0l022l9jan5n87l,1.2221289599040208,0.3558625052720371,745.8074074074074,-300.396974476869,4513.074880019553,0.0797396840303369,0.8556149732620321,0.04503334425115583,0.182403716835799,human
427,uk2rt8k37hf4v8sogabdk01tua,0.29308472321679657,3.850076491585926,1448.23178807947,-7.454246597375588,741.8165044848756,0.08697402771808005,0.9901900674432863,39.82543770546376,2.661334752394666,moderate_bot
428,uojjl06k7ee9lk3pc48ppaan0a,0.4976630259849481,0.5410279531109107,3107.7,-2.5474943471797893,1173.9603259718147,0.035447743094955644,1.0073497622135754,0.24692778907847207,2.0963219208345456,advanced_bot
429,upqaiodm0qui7lh5plpf2rsgfc,0.364499302968266,3.732912723449001,455.61971830985914,-42.6441312823252,685.7518321787084,0.7326635461511048,0.8932424758659853,12.291757207908589,23162236.589454405,moderate_bot
430,uu8g3umhdi5aiibsrksskgkiav,0.2966007969097254,4.059485530546624,407.46534653465346,-29.077224782866615,744.8995601633904,-0.06848994553881806,0.9373935264054515,22.186882776785943,18678762.453198418,moderate_bot
431,uua1uaccgs16aemnutnhohpp0v,0.5078240871005157,0.1684565171615077,1137.1666666666667,-104.74939757015318,2715.444949395908,0.004451679082399687,0.9232779827798278,0.22029168799005835,6648149.873974939,advanced_bot
432,uum8gb1r189cdke60cacrnonul,0.2803434721399973,3.9408866995073892,418.0607142857143,-34.490306709578384,636.3720575486203,0.17195749557646067,0.8909146156183531,13.336052647493865,12920042.145555617,moderate_bot
433,uuptnm17glt6pd240rdeho5ke0,0.5174515699231901,0.228270412642669,1496.576923076923,-131.12782587018344,3004.4166068966424,0.04143760798385568,0.9135396518375242,0.22529280422413372,8164801.175685569,advanced_bot
434,v1n897ru2ce8tptap3kb9848q7,0.37438115548843465,3.507220748600059,432.4873949579832,-18.99086701111042,602.386152863078,1.053269715142437,0.8968462549277266,9.362867507685305,26893514.31545456,moderate_bot
435,v23rfeffhu8tnkj029mv5angtg,0.2725388784630158,4.016064257028113,1289.2333333333333,-8.002729300363763,698.0016823554969,0.044735182930648834,0.9897557131599685,45.66097706516545,2.224165439371625,moderate_bot
436,v3hbnujku5f0bm2mmbjqrr9rg8,0.49912125462253054,0.5634709812444659,2397.8142857142857,0.9552489907631512,1168.9145097534313,-0.2017204916746845,0.9875872769588828,0.22917919293979377,1.6304641103072144,advanced_bot
437,v6g56j1moj87j95r7n37hjcjqa,0.5253074680249538,1.092340911977645,1996.360465116279,-9.823884942548318,1184.3607170413538,-0.28141814663668835,1.0100282043246631,0.270555704931024,2.8241814167571007,advanced_bot
438,v7qok0dv5ekcaoefquadgka6me,1.312417380410011,0.49656405911701024,733.1895734597157,-138.86207108904338,4514.813903841927,0.06709690758651186,0.9128316188413643,0.03852366545574162,0.19895600716843004,human
439,v9jf53j6tf8mfrvn2mnmut46g9,1.3456177938686833,4.783092324805339,18478.74418604651,-238.5804801654852,3737.2044454767283,0.07500047243694812,0.8783382789317508,1.0039126182014297,78349152.91974826,human
440,vf1geep6fp5v2i7111mp1akod2,0.5201548678186317,0.22522522522522523,1023.5384615384615,-140.2148316254393,2854.236267661527,-0.01759109729876975,0.9239339223972339,0.21273347214080243,16444304.427101359,advanced_bot
441,vfbg2ohita6de0m330eua19uqt,0.5135165271713785,0.20718232044198895,1277.0,-105.74300934425301,2731.1179294992176,0.05295957172322815,0.9260969976905312,0.2334121850675534,16331760.77229092,advanced_bot
442,viq1vmgres2bhnholc4p3a76lh,1.4868763192734913,2.8723544104114636,1699.1784897025173,-79.87446375196446,3368.3420797166377,0.06503919031778038,0.9084831377209924,1.1656767500161358,4128111.6942139626,human
443,vllcsfvm4m4b6559eckqpg3mvq,0.2562041353312117,4.040800313848568,1148.6699029126214,-3.4559291979962334,645.5935187174155,0.1571067363835182,0.9875120076849183,36.962722228960374,1.843185617263025,moderate_bot
444,vmgkfqtair7fq7kqqr6kpqm9st,0.30574966071424237,3.8141942514643783,411.7607142857143,-22.63437592369656,608.3110768238256,0.8220265426998069,0.9272065514103731,13.73654737127716,12397045.071503006,moderate_bot
445,vofhhjsbkpj6kc9it95e76nu1a,1.4108423287863454,2.760047281323877,2101.642398286938,-227.23519248315552,3651.905851566189,0.07495401794305312,0.8121966019417476,0.914448408827217,3544257.4564884924,human
446,vopb1c4o3o2dpsov8jinbbou5h,1.3158610420688583,0.44723222322232226,946.0471698113207,-169.10391565186765,4466.405098237498,0.04458958831723804,0.9052224371373307,0.022856866231653426,0.27838911240159053,human
447,vtcjrbtjq57mnai4banl61pd25,0.49890993643883874,0.3295837214301068,2523.695652173913,1.6119092685248904,1139.8474921884222,-0.08581416393338583,1.009751001218875,0.2368189521520589,1.6878423434150989,advanced_bot
448,vu3fio88psda005g91fbjona0v,0.442819214537539,3.9745222929936306,401.96794871794873,-20.092287411154032,672.6192463961415,0.9495891399580938,0.9433856502242153,17.36335978217195,23629809.429044362,moderate_bot
