session_id,entropy
03jt2p4bdru20sjb9me2gco6j4,3.12192809488736
071tbv7fsev5d64kb0f9jieor6,3.2210972500579533
094i85crhkpkhqpi3rl4athrn4,2.8954238702803123
0ht0u328t4mkgi01sp7mm07e01,2.4464393446710138
0i5kvpslrq3vb6u8ff2kuejv0v,3.452819531114779
0ikgnsdpp5jt1qd7fro2va4oka,2.749999999999998
0jfeqj4kpolvb97o2s5ks7l0j4,3.7216117239698967
0oa2dua3mli7mrr32c0gd4o0i2,2.5216406363433164
0ogg5l1i4nh37ek8mjpn8q9fc0,1.4999999999999991
0oi4fvkqd1acu5g08vep8eefqg,2.584962500721154
0p0kaqfmftrtfg0u12rkshrdi9,3.12192809488736
0pcr6mashfodserb90cq3p04uf,2.4956029237290105
0sejj3er3n0v1sfjv2jbnhaav4,2.3709505944546665
0ucre4qu5jiho5kbjq61hr495f,3.408694969562838
0uhr32hgcllradm0p6b15371gi,4.196439344671009
0vkricl80bt5v7n2s6bbhvlvk3,2.845350936622434
124nsuu4makfggp1h3ametehri,2.419381945646369
16r8lv9fabgjk06di8usnmu9ni,2.816340113853405
1afcff96kgdbmevi5aemi5mkuj,2.866247897312728
1aqgqrcuurlmvvbbpirvsh7e53,3.2516291673878195
1c1h9oumn2pa0pb04v8f6fn515,2.299896391167889
1g4h4vh4d2uv360aoo55b086hd,2.7086949695628393
1gpqg899dn1eafk0j474koislc,2.706890595608516
1hv0rajig2vijia10tvjvhq12e,3.852168723603276
1j8bfg4kkf15a9oj1igr147ol2,4.359377914716113
1jtqu9bvu7bii5p6kcsbgqbqa3,2.8522170014624795
1m7s5287lpll34gm0amdciqvb5,1.9362600275315263
1mvlnshabcf3gbr9subps50a00,3.8868421881310065
1nbs17btpqhl48dfu2nklqhffq,1.9749375012019255
1nufffs0sri7c3ere47b9i5srv,2.3709505944546665
1onh1ot5pr6j6g739m8cp5dfj0,2.565448371820823
1r170g6lqfoff21od5nn9f976a,3.095795255000931
1sijirkrahu3j2dp0qmb78691l,3.341446071165518
1ttvuqau08dh4t1cjg50pr2298,2.6703397002311045
1u41k0lehrsbt97q0pe4knpa6c,2.217021885879716
20054o9vd2q32sqnc3g6kj17om,2.8731406795131305
26v7bi8e0oc7p58e3s9v8eic9f,3.452819531114779
27479tfiqfgi99u7r4vq0q33db,3.0086949695628387
2cod58pj6b57pun9fl0vhiqoia,2.8225797618424893
2h80p3ff9jpfboaddjevmi55rs,3.5724312513221155
2ing4ldnnd40og2ej20qnsesbb,4.2484952555254045
2j54lp7l4tosj8qtp2jaq0654a,3.69011651759366
2k97re4f45gl0ktl40bav6lfqf,2.7254805569978653
2l614ncb4kp7p6q9b0a5ln3ao6,3.26393342948563
2ojc0m4iu85a1fggs34ppevk2k,2.749999999999998
2s8fa1s8oe1rqsf0ddm7m9q7da,2.8163075192246416
2vhdk7kkt7dtos2hn1fnlkf9ee,3.026986833359284
30jcp3kes0o21ej00145hji0gi,2.7534343861887822
36m3d3mt4dfs9shoptldptokbe,2.92192809488736
36rja5utab0pakj5136bi7rkop,4.773876560199213
37f112qml42d33pentjpilckno,3.1808329872054375
38n32l6uepd8e4gvce8gaaeiuq,3.824862957617351
3ctnavj7r6jrdpq5q0n8s7s4l1,3.024397470347696
3d46kbg48go8hu4srfkogn5p27,3.221928094887359
3dlhqa29pdkpur5c0fh3a1gcga,4.308270834535253
3e1l4pk01sc0ailn31s1mk5482,2.4996981431844123
3io4o9tlg7fa20l20kbidpqh7f,2.7516291673878204
3n5tfsl313lu7d2r708qdqtqe0,2.7516291673878204
3nc17617gvarormtprojm161k4,2.413799564605678
3p31i0ob3gn1isfdhbjeuc5j0p,5.431047597503818
3p6scp5rnqun6k08tnudv5gacg,2.8453509366224337
3p8qp6np717jbhmhu8329s9nb6,2.584962500721154
3qfgfasvf42im2b2pba7hlhvdq,2.3219280948873604
3r9cb69qg00fac5os9au9a745h,2.4130884364257557
3uqepgd76f9ecnauehcl4sucbh,3.260828171224452
453lvg24j5relktbluq4s08um3,2.815922063835164
49rbuft0lmtfjd3qn70np3lk51,3.5778195311147787
49smdeovekeq8fgrnfejp533r3,2.947702779220087
4bnqt73v1q2ofhu8uj797irb7a,2.3219280948873604
4fo576p1kf4i1frb6s4c07q3pp,3.039148671903068
4h1710vfqecf0h4r5ns5tkv72t,1.8365916681089776
4j64bd6drdkbib7sfpaue62poi,3.3211043305784864
4m80gpjmc7m39n63ksnr40i6fo,3.6402239289418477
4mae49mh8va4g03vjatfn6np9b,3.2516291673878195
4siqhlcume2me7ialjagodfeaa,2.6535442970305656
55vbvsikr2l9bfeklmh8cumi5k,2.7534343861887822
5764gbg3t8mtql9553lu8kf2gi,2.8638651219508504
5c21arc60f2e89ghcan6ek4rv3,2.8225797618424893
5ee4b4pb3sfijdhpp5hcdvlctl,2.1258145836939097
5f7no8vabec3n4d414fgkvsql1,2.0403733936884945
5hv5h86d5hnph965gtsjskmtu0,2.2499999999999982
5ke7d1qpke4gbknkauee4runq1,3.095795255000931
5n0umenmhi0prg00139sh2111v,2.3535339485774798
5rr9dand0l9k30j3bb7jhskidi,4.055958151615117
5t832mbt4eh6u8rj4k6sml78rk,3.18200581476021
62fp2u5etekvin0lrlmmq7ras2,2.5703326197105714
64grp6p1ob94ga6d6grls0ocg0,3.128085278891391
656v65u3buefq447rk141pj08c,2.7321588913645676
65jksu5rbgasntdo5kcspn140b,2.61057724333164
69pb8jcum0600139r70m1aqbrf,2.04022392894185
6epdcnda98fpecfs85jtpdm8bs,2.9502120649147443
6erlvu5i411jk2mgv75rv363e7,2.450825794518086
6g7u329js521monmac550kdf1k,3.146439344671012
6gftqgk6qqkipsecbrvk0mtr5h,2.3248629576173543
6i6kr6b4j4e7mkn12n3q2vq4ih,4.628806245213696
6mihesnd25t81o8q64jlaod935,2.874999999999997
6ntd0tthl2oaq1l21tho6bflst,2.6535442970305656
6ogn97v63ghf0kg1eidoro9533,2.771902372038556
6rb2dgd25a6v043offbhmlehl8,3.2927701939369864
6rm870g54tcodidn4igk93cg9t,2.1280852788913927
6t1t0stce6afdl4ob3hl152fnj,2.8522170014624795
6uoqnd2dvamqempceg9ptlc0v1,2.4410685859554357
720ua9gtve32n6s1glmvebjltk,2.82218195864287
7428dqv0aoerlt7uj52th5qac2,2.947702779220087
75ufmqjcbcd722b8qt9sdvphdi,3.773557262275181
76150kjid2p1e830ilbabbocir,3.546439344671011
777aid4b8r0bh5do5ujttgh7me,2.947702779220087
77ac9gmq9m61tv68pqdpg1holt,2.355388542207532
7a9emfkn0ri8ntg4k0uotsi07v,5.101128758190674
7e7nf7k4fcjagt3nasaihu4scq,1.7527152789797034
7el564n2rvpqj7hl5gn3b8uk8j,3.7499999999999956
7f2bg9n48opuf4ligvtc1dsopr,3.8073549220575993
7fk29hdm43m3g5jcsn40ilqq72,2.4137995646056782
7gce60ae3b26e071uuothvl8ov,3.016875695766561
7ijkbba54hddp8bflnqkq3ttkv,2.565448371820823
7jbhkuigmbeo5m7ei6h4eefrmk,2.749999999999998
7jtk8r1ak181fhbf582hjhvbdq,2.680036532577263
7njpagdcao6g5djp50o4pagroc,2.0588138903311997
7onurvslijk8fm97iohvhcoq52,3.1018812234760147
7r2rm6dnna7k51md8e5m4ufpgs,4.0850551027564705
7rgj8vp869l5hv128476ipugq0,2.92192809488736
7s2ruv2tf2bpptvc3g6ujkpsbr,2.5804820237218378
7t04jne512skpddsh6v4p3k3th,3.4841837197791845
7viehtkjnmi6q1dque68cpudao,2.1219280948873607
83okvnom28kpisse1fr9h2i6hk,3.0930692077718867
84q2klr0foifmc69684fjvafqa,3.006238928653387
89vshcu5jgp79ebb68f7jjkqc5,4.909510474298468
8h83euesdq85f0shmjm34alpln,3.4677201004744953
8hj8u6nem85dat2rjgu8v7urhl,3.1808329872054375
8ikvavmgf5jc51c5goirm6gd5i,3.392747410448781
8is1s1cv7tu0c13vcqka04ck8m,4.748994803525086
8kvar6qgj9j0r4qj5fcpkr3os4,3.392747410448781
8rgi5ent4bhdjhmsndl461qiid,2.7192945256669767
8sbj7j6lh3n546om3rt30fk64n,3.630412660873994
8srapvmong540puc7nb8gttr9s,3.3005590923909502
8u4qvgq4v27s61p19tufp3e89i,2.3709505944546665
8ulhfbi2gtqm0lc3eeuufouv34,2.8603207778330417
9cuovso04bhmsmeovv59e513qh,2.9502120649147443
9dsc15b0dug768h29lutm2sklo,3.403701696057344
9hdhd3r1imn0bdlevf1s4g2ks4,2.7192945256669767
9ppkomphkbu1dv8o483g64jqsv,2.3219280948873604
9ps9ql7hbv7pcbs8mjr50e0rt8,2.6464393446710135
9sha96b0pmg0a7sknb0nm584ep,2.599581230646062
9u9n60vrj29l7tvlt893mdhi07,3.0311161724560165
9ucesp41db4848uq9h8of7fcgd,2.9999999999999973
a1cgh1mg2ljn1lrb41ud03f67i,2.692380602454972
a511chc13vi6tde0dr4780cr9n,2.8423709931771057
ad9scp2lb57iibuqakamfu5hjg,2.918295834054487
ahpte8dp0s8io8sd28orasfpkj,2.845350936622434
aj9b410e48gia1a4u0s5e0on3v,2.789898095464285
ajpjcn74cv2ta0boepifbre3pe,3.392747410448781
akniekteebr1v6m9uetbh65sha,3.4193819456463674
alj7kd9jmvubmb2khqu59nl9ho,3.408694969562838
ap7lk8nq9ssv9uftnfbf676nop,2.9842341646524853
aqn61ppbjkhm8841j1ofqp0u0a,3.664497779200457
as0na0kr8o0gfoe8do6a6cjsfi,3.3232314287976172
aukl3llmaggljgm2dv21pgl802,2.889549430862085
auss0hbmmf507a7eqq1i2ls24f,2.4980775466236387
av66aadi59rs6j2njfq9ka2ab9,2.550340709546386
b29vltsdmop45jv4bjp64gc73o,2.584962500721154
b3avd2j0387kff1fs4hseklo4t,3.3232314287976172
b6hfnt250mbc1h2qub8slvg0j4,3.1808329872054375
b9k26s8r31dauqokj6svvbedc6,2.1607047528877805
bbvicd8c0b0onlrtpspn8slmo3,2.577819531114781
bdc60f7qbpi1sk4b33k13c7adi,2.419381945646369
bdnrcfsa6rd1fuorjjjmi0o20s,3.572469458770131
bdsf9dba41deu2j4744onppg6k,3.038562336075627
bhgacl77180d93ov5a5fbbau9v,3.324862957617353
bl68qvemb1fdbu18lst67s7pa5,3.155639062229563
bmffbdlnb9nv70j14hil43n3jl,5.695357174403038
brrlh9tmiodt2ekkjvn7kcsps0,2.807354922057602
c0dk2v6mvdlnfaro53euc4u2dh,2.9053077763737436
c4icboll633l807dsum9a4jf6f,3.0286393118385715
c4jthmvc4kk57hh14pugnmmj9j,3.169248695695229
caouro53ha6k4ktgr087r3mm3e,3.2393538721671966
capa6qv5o85v96iqab45773l3v,2.8150724101159406
ck0vis16184tm6572eohin19d2,1.950825794518087
cmtn6a23es1vk1v038j2pd0cqa,5.619226085023655
coom33f4pfor5m2sifo3jphip8,3.664497779200457
cp0fsmlkqai46gpcgkf8uhel89,2.7534343861887822
cplv14bimptr0q91k4v96bbjpj,4.134336113194445
cpsdqcel0k0qkdbmen6e7naqtk,2.121928094887361
cqifhegb8rual6rgoa4kp17cgp,3.2927701939369864
cs2g8i2bgh2nc7i5eiq23jp9lv,2.202819531114781
cuopc1ldihiqtmik2jg0e8is86,2.970840013101982
cupcde8stlaqucrpahgnsiv0b2,3.6416041678685893
d0fqf9div7sivpkmojq2vkl5rj,3.530493056757478
d30cg3kv9lg5tfrldsqj031l1k,3.0503018554349786
d46m49a9l5vmcfitmoov0nnifn,2.52192809488736
d56qe8tlbmju1frcr1t6l1flja,4.810247744331355
d7em9di62egju3ahonmu647oeh,3.057476076289928
d7ourvq3bntmee5hjnv5it7v7f,2.727497224852469
dathp4f9v59rcb8gv8qr01htqg,4.346225868535936
db1eh088lv5ga1nen3ikagrlld,1.950212064914745
de7gpp1pje9dbdb5d32fnr7v9t,2.855388542207531
dft8qvdauujqen81pdjev9po2o,5.360302766681272
dhn1bd8uiaa3qnajsd3vg6kgc3,2.7743974703476963
djtvhvvtqtj6v5ganfrvre7094,2.2212518360044644
dne20ji4gjh7i5k19nueps0biu,2.6157246054471677
dplgo3sid3ccoh1p28kt7oal82,1.7527152789797034
dpmpsl8ejt2b9e49o7ulf939f7,2.896291529045925
dpo8vpnhg6ca53pj9di78t9513,2.1280852788913927
dpt66d4mu55mfh94hban355h18,2.257717469130146
dr09rk5eagjuu87gedvdqmq3gl,3.4594316186372938
dufvrtn3u77g2pc3hc6to751ld,3.003701696057345
e8jmubonei35n62lcbcj9h2t8f,3.9701755214643395
ea6o9mrlbajljrpf2s0rgb58g2,2.66898014502253
eaco6jibk68tptehc26jin808r,3.0220552088741974
eb755astnc2v6cch658lgfrhfh,3.947702779220085
ebas262pt4detu2qrnao3ms6g3,2.1971597234241473
ebnjc41jpisf779951hm4okh7p,1.7004397181410906
edeshbkv1db1cllm5gipdkkklo,3.272905595320053
efv4a0sofko479l05cmopqs3ml,2.7254805569978653
ekgb1bqqcjo0i087koh3cqo2nr,3.1841837197791856
elrsng5u5rasfrr7j91ad8dmgl,2.550340709546386
eoj0v25cg7p78ojpr26s9tea94,3.155639062229563
eojfrtvrp3d9tbsv570shra6ck,3.454822399946602
euj4q1fvb0h7sgca0ngnkb88gs,3.0271691184406153
ev7egii8jia9kq6jfcvp3ccego,2.755057619938305
f0prqiag90373knljtlksmsp9g,2.8073904508767193
f76c77gidobkhj3onqhf4s3n4d,1.8464393446710143
f8mmn03rdoojfjb50ma70ii8pg,3.882045108136857
f9gd6pgmkcgvpb3lfnmr1rp86k,2.896291529045925
fas9mgeiptj5suoafcgt3cb6a6,3.20281953111478
fbg765mj84vj3htic0b4dq1n3r,2.3898980954642854
fc5gps8fqlfqk15jevt6s2jf9n,2.661226256269787
fhob1hm9t3bm6ea9fm9fppec77,4.316826898072053
fo6m1rcfdn34q1l8ch8h5tpn9l,2.3685225277282047
foe78l2si3v0pbi9u3v9nhrgq3,2.6464393446710135
fsjvbae9a6rr1ka25ldsvbdtuu,2.6635327548042524
fsnt8h9aa411ltni8e4ang4vhs,2.550340709546386
ft8u3nl9jdblj7li54daecevaq,2.947702779220087
funl6b42rjdgtlcmoviv6alomi,2.5032583347756434
g0tasn4quqqhmjj1cvsj5skoif,4.640319531114774
g150gc5ebqqebuj9u1rmjmdkg5,3.046439344671012
g2gh9qmk9krld14h5uojlg7g10,3.321928094887359
g6c743l75fivr6eeqb8lgi5u41,2.6464393446710135
g7q3oi1lvdqbljh6ili0al2co9,2.584962500721154
g7v2e1jd1n4d06b3o6d72eckh1,2.8603207778330413
gfdhriv71s2e4co6clm2sf5cbf,3.0219280948873593
ggkoae2me51q02ro3ren47rs9n,2.752715278979702
gh1545klvvn6sdmmv8ntfjtpsj,2.947702779220087
gh9s7753br49h4c8g669fucshp,2.7219280948873603
gn2klnvoilbfoihm2s1juh2ij2,3.6635327548042502
gq715ms79515gcq39vf91mli6t,3.321928094887359
grbvlqd7u4foh99hguga49f0fg,2.9312089489103204
gt6ccjle54o9oqntbbt3vci5pa,4.236368983644943
h2jo3uq1om8vp81nopaa17kegu,2.932999306637287
h2jq34f4g7icu2s7h4lgd6btj3,2.752715278979702
h6kek9u7g8sjqhdu2jr9fg6s5h,4.819680984926526
h9gaeo351pqnmpu055ot9s5mtd,2.419381945646369
hctlni7i4rclegm7bs6afhs16h,2.6258145836939093
he1pltpfa23hqun31ciub3ksmo,3.095795255000931
heooocaj90nj4usab96vr0t8bo,2.8352377453121145
hq306mp6dvnclg7plqla9a8oe1,2.6258145836939093
hr9t5fv365o0t7f26ilhe2rc8j,2.4237949406953962
hrbko2t4t14q3pahqltndlolb5,3.5032583347756416
htodnmm7tjpihgeuqk64c0gjes,2.840223928941849
hujnm9166tof0hmoeid55a996n,2.2499999999999982
i2q4kdikj02dm9lvavtkaestg2,2.246439344671014
i48q4ssfv5tk615amqb3ikphql,2.9528195311147805
i49goovgc8d214dbipv8o6504l,3.4182958340544856
i4bgdstv07o3mdh655ohgqssin,2.6635327548042524
i54vr6i7vikgq6kp7o8prcchip,1.9877733714879824
i56202ejgd4kmohsll917rfkpd,2.8150724101159406
i6io829o6v8o8r5bo6tgoc903p,4.453660689688178
ia9s4av1gau9r2e17bi4kdpr2m,2.4416298737872224
iae9nd0n4lmdfntp4ib72dt4fh,2.6535442970305656
ibf972u5q4vlvvev54goetuber,4.62973742089033
icjl2m9q6satjga38pfqqnmjl8,2.5216406363433164
if6sd7i56fpr2k4fcu22hcpjin,2.9139770731827492
igbeqcjnbst8afmoi4sg6tn669,2.92192809488736
ii4dosupqt4958ru71845a0hso,2.530639062229564
ikchggsmhgkjur8n2t4f0c75uh,3.5766176449086617
ikrmivc56op6locohdc2shs3v3,3.3735572622751815
imgld2d8lq8ugjvfur481ofr2n,2.6635327548042524
iugft3rvfcldeefq4dfbl6vko6,3.2483650467509
j09afvs25gdij4vebr11kt9gpr,2.419381945646369
j305v6gg71vcjp9cjdgf7bvnnq,2.748940047005427
j5q0rc8234mif6jlcbff7tmhsk,2.840223928941849
j732r4nonn5d5q37e9u2g9hr11,2.702904337188604
j8e0t5t4nnr92fupp8rh18ihkq,4.17186087396419
jdvmnfhtlr1rrga9g4148mr16s,2.3219280948873604
jepk2lqaj5t5jitmkmpdjqbcsq,3.2195282822995437
jf8u319v8fe7pqp2vflu4nlj40,3.2516291673878195
jfmilo33fin84baeh3k6bcnh3v,2.5492553971684977
jgud4pu6klbeel0e9nn551i9ib,2.9693894195291533
jh9bs45mauu7v1mfl3et8i77hk,2.6644977792004587
jpbeofacs0492d9vi9r726urr7,3.1841837197791856
jq81oksgh36g25rlv3rmulr6ve,2.969389419529153
jql33afvhnt7790b17tvvcn87d,2.815922063835164
js47oan5tk8j0resvhl9qer7lj,2.4040097573248573
jv0ep8f81ek5v6ofijqjn3cf3h,2.4842551447947967
k00lp4ik0epelb6b63mbdev8a2,2.4464393446710138
k0371k7nj5dqmfg9fllmll59sn,1.4885252948977472
k3p6gqomoabnp2k5malilpec9e,3.003701696057345
k5pg7u2907cb9nk61dd8i15fm2,3.4594316186372938
k6e6fem4qek1jn58vujbrinfge,3.039148671903068
kaodsjbnqm7umgfvao63d3rihb,3.0849625007211534
kd4h7t2e50hpl0uv1pdbcsoe4n,2.594906618243937
koftcfkosigp4f2ibgfi0dm0co,4.458297570278008
kpedbnklnbmle61jm27kmfnkoh,3.12192809488736
l281lufhl0p948rr5o7mq7rhoi,2.3709505944546665
l2gcmv2s4ov9p8n79g9034jf2j,2.8522170014624795
lbpk1okd4btot9vqfjpsv2vl9n,2.6464393446710135
lgm2m88i22v3fuljrkfdpp3h12,3.2516291673878195
lu2vabqtd7mhjirluaij1a6qcg,3.095795255000931
lukkp458sudl46nko5815kgut2,2.845350936622434
m01ltdunc7d4tjuh0r8opr8c3k,2.92192809488736
m1e1mgb7hbmqovglk2rp4f7en9,2.7219280948873603
m1rt858554qvald7e7pmrm1d8b,4.1627445878599
m53jq0p03vjq9ggef5fqamii89,2.6464393446710135
m69n9tg4qgmjvgi32kfqrvc7fe,3.2866294867861923
m7cd9aev6os2phk0sdkse238l5,2.0381596816459515
m8fe1qtn358dg2b1b6fingti39,2.1467822215997963
mc9vvj20cc427d1vhl9aah593q,2.8278195311147805
md58k6ejokrtefaghth7v1ghtu,2.874999999999997
mdeo4lt99fosg4pudmlamcf4ng,2.845144283675998
mgr9t6dlg6ldke41383v0fhq3q,2.6062389286533874
mk7jdh4qi5dkquenuvef8qk855,2.4116022179746697
ml4tnn1lkctli3fofonrj629qm,3.0220552088741974
ml6u6ltsq0vhdsiqcbqnpbkh5k,3.2516291673878195
mld2vskicvoo3bvkk0fnjtuv7u,2.6464393446710135
mlrcehe439iiene6e485tni66i,2.855388542207531
mpq0pfpkc127m4bti2cp71cqgg,2.688721875540865
ms3cf5h8obah9v5aqutt372t1h,2.6464393446710135
mu18kf0qp9tuogrbrqj76n5i73,3.026986833359284
n3iph75f9dp0vk52lig8nk3n1c,3.3660913291191887
n4sa8kulckaa6rohru1vnq336n,3.9701755214643395
nb8go732bndmpst34i2vb63ddt,2.8954238702803123
nkoa2dl20gbqn2vrse8rol2vr6,2.92192809488736
nojpme777coksiq64cb8142cij,2.706890595608516
ntq39vmdijl66047lvvr8qeuh8,2.7254805569978653
nvmlnfhs5v6hehsd81e9mf75cn,2.846439344671013
o6uujmtvvdkacotcvuq6726pmi,2.705229002742294
oefj652iolkub646m3bu8p1fq1,2.419381945646369
of88tio3m86e4l7568su0i4ui5,1.9999999999999987
off3tpqvmr2v6sndat4d5v6p28,2.7924812503605754
ognvhdn35j9b11cnclf6ej5gsj,3.2516291673878195
oofgc9mb4le54lelfes0lkg7pa,2.5521796970665465
ooi399crjvu4fv4q02i1gk2pld,2.6635327548042524
oq11t11ns4t2gj9cdnl10da80s,3.555269044648113
os9be9s5er1ud8569gm26htp0j,2.846439344671013
p5keafiscisucgq2tut00s0s7l,3.4565647621309505
p7g6ccuqqfum0pbfk5q82nhnam,4.544325652580689
p9rb949jj3aci28mne75opl41i,3.392747410448781
pbml0l0h4revrv7buomn2r48pi,2.9842341646524853
pf7tnis955pq27n6sibk32d87k,2.6258145836939093
pfp1r64gufu52bgl6cddpio0a2,2.584962500721154
pgnhcqhsrjq593qi64f3e1mdju,2.7773627950641666
plqae11g5bqqbslgcol5optt17,2.947702779220087
pmb5bepkpun1v95n8rveof9ee0,3.0860486123130344
pu045tt0313p6t1k6g78ggjop3,2.1219280948873607
pu2qjl34067dmgmfehqhsdo88h,2.845350936622434
pv89k1oprp9a4c01v0u2po4sab,2.9735572622751825
pvkqfvdopap7c1e9hrdeakkq8u,2.846439344671013
q7784rh4612si6454op6l8u8vq,2.947702779220087
q7cncf2c9icjrtpuhsf896j3u7,2.8073904508767193
q80o426gl01opbf2ve05c36c4u,3.056564762130951
q8ljo3ek8k2ll6p1h4n2a6ephn,3.2516291673878195
q9ebqjoa4ni6shhp702u8eg2v2,4.415061012203062
qb9nte3m02m5iennt4e7mg7caf,2.7806390622295636
qce4mdhafthbeeljaia46hie8o,2.3219280948873604
qd5flhhi6gq7bf2qvjj8jkc2fo,2.005977711423772
qe370ks533bvqh8n9ra33968bn,3.085055102756474
qekb8l6o5qq9214i0vlpi5cmti,2.6393538721671983
qg5jilensjo45f7koo4cvrouqn,3.3278195311147796
qin480b2uihek2qocc135j70fs,2.8638651219508504
qqvn22bkui88d086v1pnp37cus,3.039148671903068
qv00vt6spg157dg8ro7cbt2p43,3.384183719779185
r0e98rtqr6192k5b8gl4ndlmha,3.095795255000931
r4qbc8d0f23m1oi2jeplnl7k3q,2.4056390622295645
rdrkop6n2o5qgtbpm4o4as05mu,2.155639062229565
rfvugmk87jtlaiilouut5sdm32,2.419381945646369
rg3bmjunhcksnch3utt3ruedvi,2.732158891364568
rgt513e3eh2uoq34fvpvo50pf6,2.5304930567574804
rh5fn2njcglhb2avkv30id017u,4.3088694187143854
rr07fpg8dl1ha6d8g8c99pd4kk,2.419381945646369
rs3pm69ahuvtr55nh39d8t9m0q,2.565448371820823
rtp18qghc0uf5qimp6rfthq3jl,2.741446071165519
rub9gsleatju654rbt8qfihpjo,2.419381945646369
s1ebp3qssmm2tkn9pnp66tjom1,4.891383974698815
s22ulplav9a7svordh7cc4olt7,2.1735572622751835
s558jfek7a33mgjkn9c8bkgjeb,3.5110854081804233
s74076j0vtua7ct0fkej7ehmt8,2.749999999999998
sbrmmsorp8ijmhg8ai8r6ri49n,2.6258145836939093
scep2a1a2l1tjoc5dqlche5mqq,2.3709505944546665
sd8qtd5qblkhbiq3el51h7p58q,2.6644977792004587
sdum2h47k57i17al0j3cuv6fhu,1.8810947601100731
seh4sf3qbn4bj0c6bcnjnpc1gm,1.8799649487271093
sfhla3ba8au3uncr3k687c8e55,4.6697624295752105
sh4mk6br2rlo4al4edpaq3inoa,1.6767370300521311
si7usj6t28v0ftdul1j99j5g8t,2.858118463097967
sjr20ddno9sftolk2ofmqoskmf,2.3535339485774793
smjle8311adgengdcgqfh70ua0,2.1180782093497075
snh8o5pkj60d0kp1hjeqm1hu15,2.0403733936884945
sq6gghu3613fgq6t6h9bcr80ie,2.6258145836939093
sqgp91m7bngarqqihg69v490e7,2.965583935727778
ss0e28413uif2hd88q186t7tj8,3.277613436819112
stmp56sl899fs8ev99pk7nfuvv,2.594906618243937
stufhiktcb2o7spcg4sc1ufi82,2.2243944454059843
surtd19ghcuqlnb15f3cgikoq6,2.8731406795131305
t1eo5hqdtq21m7t0gulu2henl0,3.392747410448781
t6h2nm44688se8cf4c0934l6qb,2.649397470347697
t7573jdbiaqinp6il8lj4cmq0o,2.3219280948873604
t8f9bu34vogoj5kisdk61hp83n,2.4402239289418497
t9k1lcjubt6b04dv3uus8ili4j,3.0086949695628387
tccmnubp332iu6jflr59suno5t,3.080500530640264
tdm49rlqprtglqndl74j4cekj0,2.855388542207531
tes9ba915l9f7e3i12vdgj7bte,2.3685225277282047
tfqlrm6knitedm4alt4c0cuvr0,3.381580488309159
tgjeh5ae9h3v4vmds3oemkq48n,2.3685225277282047
tl2je8q2l4malkodn4inhd4n5o,2.299896391167889
tppc7d6niqt6vkt489cphu55dp,2.9528195311147805
tr5fbeta11pirki760fvndcfmb,2.5495234595978298
trga4mrvjvogdgoi9vrqkmi92j,2.7516291673878204
ts4gvk541fole1uj2sd38kqpcm,3.039148671903068
u1t0tjb9v5dna5vbatsn8upbbo,2.2810361125534215
u4hgvjvkej7fj006vikof3a2vb,2.9852281360342485
u5co8igfher6a7v5gvrg14nrcf,2.463458298648301
u6rj19l797n5lnvk6qlunbmp8a,4.7258790596934555
u86k3ilcujog70qt5k0vvllhge,3.452819531114779
u89p7qigo3rvvgm0vgs06hk8sc,2.6258145836939093
u8t6obfjabd8m1ee8fmpvphsc0,2.8638263900908134
uahge8n75dd7aguqnt1bs0f8kd,3.208694969562838
ucc610tt08foih9ed0u0hl2urh,2.858278308418042
ufaj0lbcmqa0l022l9jan5n87l,3.4565647621309505
uk2rt8k37hf4v8sogabdk01tua,2.2295739585136207
uojjl06k7ee9lk3pc48ppaan0a,2.7254805569978653
upqaiodm0qui7lh5plpf2rsgfc,2.4211274733371844
uu8g3umhdi5aiibsrksskgkiav,2.92192809488736
uua1uaccgs16aemnutnhohpp0v,2.932999306637287
uum8gb1r189cdke60cacrnonul,2.507380102423633
uuptnm17glt6pd240rdeho5ke0,3.128085278891391
v1n897ru2ce8tptap3kb9848q7,2.3276328092906344
v23rfeffhu8tnkj029mv5angtg,2.113283334294873
v3hbnujku5f0bm2mmbjqrr9rg8,2.591793226077493
v6g56j1moj87j95r7n37hjcjqa,3.169248695695229
v7qok0dv5ekcaoefquadgka6me,3.2402239289418486
v9jf53j6tf8mfrvn2mnmut46g9,2.522055208874198
vf1geep6fp5v2i7111mp1akod2,2.7254805569978653
vfbg2ohita6de0m330eua19uqt,2.8453509366224337
viq1vmgres2bhnholc4p3a76lh,4.630621154287876
vllcsfvm4m4b6559eckqpg3mvq,2.55665670746282
vmgkfqtair7fq7kqqr6kpqm9st,2.6947814605842706
vofhhjsbkpj6kc9it95e76nu1a,4.6262715639401435
vopb1c4o3o2dpsov8jinbbou5h,3.5216406363433146
vtcjrbtjq57mnai4banl61pd25,3.110578014789013
vu3fio88psda005g91fbjona0v,2.459147917027243
